GeoFips,GeoName,rate
01001,"Autauga, AL",21.2
01003,"Baldwin, AL",20.7
01005,"Barbour, AL",33.5
01007,"Bibb, AL",31.3
01009,"Blount, AL",25.3
01011,"Bullock, AL",33.2
01013,"Butler, AL",32.1
01015,"Calhoun, AL",29.1
01017,"Chambers, AL",32.5
01019,"Cherokee, AL",32
01021,"Chilton, AL",27.8
01023,"Choctaw, AL",36
01025,"Clarke, AL",31.8
01027,"Clay, AL",32.4
01029,"Cleburne, AL",28.1
01031,"Coffee, AL",23.1
01033,"Colbert, AL",28.8
01035,"Conecuh, AL",39.8
01037,"Coosa, AL",33
01039,"Covington, AL",32.5
01041,"Crenshaw, AL",30.2
01043,"Cullman, AL",25.8
01045,"Dale, AL",27.8
01047,"Dallas, AL",38.7
01049,"DeKalb, AL",29.9
01051,"Elmore, AL",22.1
01053,"Escambia, AL",33
01055,"Etowah, AL",31.2
01057,"Fayette, AL",37.1
01059,"Franklin, AL",29.4
01061,"Geneva, AL",32.1
01063,"Greene, AL",39.6
01065,"Hale, AL",33.2
01067,"Henry, AL",27.8
01069,"Houston, AL",24.4
01071,"Jackson, AL",28.2
01073,"Jefferson, AL",17.8
01075,"Lamar, AL",35.2
01077,"Lauderdale, AL",26.1
01079,"Lawrence, AL",30.1
01081,"Lee, AL",17.5
01083,"Limestone, AL",19.8
01085,"Lowndes, AL",31.4
01087,"Macon, AL",33.8
01089,"Madison, AL",15.5
01091,"Marengo, AL",32.5
01093,"Marion, AL",31.4
01095,"Marshall, AL",26.6
01097,"Mobile, AL",25.3
01099,"Monroe, AL",33.1
01101,"Montgomery, AL",21.7
01103,"Morgan, AL",24.2
01105,"Perry, AL",42.4
01107,"Pickens, AL",33.6
01109,"Pike, AL",24.5
01111,"Randolph, AL",34.2
01113,"Russell, AL",31.1
01115,"St. Clair, AL",22.6
01117,"Shelby, AL",13
01119,"Sumter, AL",35.6
01121,"Talladega, AL",30.8
01123,"Tallapoosa, AL",30
01125,"Tuscaloosa, AL",21.3
01127,"Walker, AL",31.9
01129,"Washington, AL",29
01131,"Wilcox, AL",43
01133,"Winston, AL",32.2
02013,"Aleutians East Borough, AK*",5.8
02016,"Aleutians West Census Area, AK*",7.2
02020,"Anchorage Municipality, AK",15
02050,"Bethel Census Area, AK*",31.8
02060,"Bristol Bay Borough, AK",8.5
02068,"Denali Borough, AK*",24.1
02070,"Dillingham Census Area, AK*",17.7
02090,"Fairbanks North Star Borough, AK",15.9
02100,"Haines Borough, AK",19.4
02105,"Hoonah-Angoon Census Area, AK*",24.9
02110,"Juneau City and Borough, AK",11.7
02122,"Kenai Peninsula Borough, AK",20.6
02130,"Ketchikan Gateway Borough, AK*",17.1
02150,"Kodiak Island Borough, AK",14.2
02158,"Kusilvak Census Area, AK*",45.9
02164,"Lake and Peninsula Borough, AK*",19.4
02170,"Matanuska-Susitna Borough, AK",15.9
02180,"Nome Census Area, AK*",30.2
02185,"North Slope Borough, AK",7.6
02188,"Northwest Arctic Borough, AK",34.8
02195,"Petersburg Borough, AK*",20.4
02198,"Prince of Wales-Hyder Census Area, AK*",23.5
02220,"Sitka City and Borough, AK",13.9
02230,"Skagway Municipality, AK*",10.7
02240,"Southeast Fairbanks Census Area, AK*",23.6
02261,"Valdez-Cordova Census Area, AK*",14.6
02275,"Wrangell City and Borough, AK*",27
02282,"Yakutat City and Borough, AK*",23
02290,"Yukon-Koyukuk Census Area, AK*",36.5
04001,"Apache, AZ",42.4
04003,"Cochise, AZ",31.9
04005,"Coconino, AZ",17.8
04007,"Gila, AZ",40.7
04009,"Graham, AZ",36.3
04011,"Greenlee, AZ",26.2
04012,"La Paz, AZ*",38.1
04013,"Maricopa, AZ",16.1
04015,"Mohave, AZ",35.6
04017,"Navajo, AZ",40.5
04019,"Pima, AZ",23.6
04021,"Pinal, AZ",28.2
04023,"Santa Cruz, AZ",24.6
04025,"Yavapai, AZ",30.8
04027,"Yuma, AZ*",22.6
05001,"Arkansas, AR",24.8
05003,"Ashley, AR",36.6
05005,"Baxter, AR",38
05007,"Benton, AR",8
05009,"Boone, AR",31.4
05011,"Bradley, AR",34.9
05013,"Calhoun, AR",29.4
05015,"Carroll, AR",29.1
05017,"Chicot, AR",40.3
05019,"Clark, AR",30.7
05021,"Clay, AR",36
05023,"Cleburne, AR",32.5
05025,"Cleveland, AR",28.9
05027,"Columbia, AR",29.4
05029,"Conway, AR",30.2
05031,"Craighead, AR",24.6
05033,"Crawford, AR",29.4
05035,"Crittenden, AR",28.5
05037,"Cross, AR",32.7
05039,"Dallas, AR",41
05041,"Desha, AR",36.5
05043,"Drew, AR",29.9
05045,"Faulkner, AR",22.8
05047,"Franklin, AR",30.3
05049,"Fulton, AR",43.9
05051,"Garland, AR",31.5
05053,"Grant, AR",25.1
05055,"Greene, AR",29.3
05057,"Hempstead, AR",33.7
05059,"Hot Spring, AR",34.9
05061,"Howard, AR",30.8
05063,"Independence, AR",31.1
05065,"Izard, AR",40.4
05067,"Jackson, AR",33.7
05069,"Jefferson, AR",33.6
05071,"Johnson, AR",32
05073,"Lafayette, AR",33
05075,"Lawrence, AR",36.2
05077,"Lee, AR",41.7
05079,"Lincoln, AR",33.3
05081,"Little River, AR",32.8
05083,"Logan, AR",37
05085,"Lonoke, AR",22.9
05087,"Madison, AR",25
05089,"Marion, AR",42
05091,"Miller, AR",28.6
05093,"Mississippi, AR",41.3
05095,"Monroe, AR",42.5
05097,"Montgomery, AR",39
05099,"Nevada, AR",38.1
05101,"Newton, AR",40
05103,"Ouachita, AR",33.7
05105,"Perry, AR",30.8
05107,"Phillips, AR",44.6
05109,"Pike, AR",34.2
05111,"Poinsett, AR",38
05113,"Polk, AR",37.1
05115,"Pope, AR",27
05117,"Prairie, AR",32.6
05119,"Pulaski, AR",19.8
05121,"Randolph, AR",37
05123,"St. Francis, AR",38.2
05125,"Saline, AR",23.4
05127,"Scott, AR",34.7
05129,"Searcy, AR",45.7
05131,"Sebastian, AR",23.3
05133,"Sevier, AR",27.5
05135,"Sharp, AR",45.4
05137,"Stone, AR",44
05139,"Union, AR",25.4
05141,"Van Buren, AR",40.8
05143,"Washington, AR",16.9
05145,"White, AR",28.3
05147,"Woodruff, AR",38.3
05149,"Yell, AR",31.4
06001,"Alameda, CA",11.3
06003,"Alpine, CA",20.5
06005,"Amador, CA",24.6
06007,"Butte, CA",25.3
06009,"Calaveras, CA",24.6
06011,"Colusa, CA",17.1
06013,"Contra Costa, CA",10.5
06015,"Del Norte, CA",33.7
06017,"El Dorado, CA",13.8
06019,"Fresno, CA",22.9
06021,"Glenn, CA",21.5
06023,"Humboldt, CA",22.6
06025,"Imperial, CA",25.4
06027,"Inyo, CA",20.1
06029,"Kern, CA",19.9
06031,"Kings, CA",21.3
06033,"Lake, CA",31.5
06035,"Lassen, CA",24.7
06037,"Los Angeles, CA",15.9
06039,"Madera, CA",20.6
06041,"Marin, CA",6.7
06043,"Mariposa, CA",24.1
06045,"Mendocino, CA",25.5
06047,"Merced, CA",23.6
06049,"Modoc, CA",30.6
06051,"Mono, CA",10.1
06053,"Monterey, CA",13.7
06055,"Napa, CA",12
06057,"Nevada, CA",18
06059,"Orange, CA",10.7
06061,"Placer, CA",13
06063,"Plumas, CA",26.8
06065,"Riverside, CA",18.7
06067,"Sacramento, CA",19
06069,"San Benito, CA",13.2
06071,"San Bernardino, CA",20.3
06073,"San Diego, CA",13.7
06075,"San Francisco, CA",7
06077,"San Joaquin, CA",21.8
06079,"San Luis Obispo, CA",14.5
06081,"San Mateo, CA",5.7
06083,"Santa Barbara, CA",12.3
06085,"Santa Clara, CA",6.9
06087,"Santa Cruz, CA",12.2
06089,"Shasta, CA",29.2
06091,"Sierra, CA",24.2
06093,"Siskiyou, CA",31.8
06095,"Solano, CA",17.1
06097,"Sonoma, CA",14.2
06099,"Stanislaus, CA",20.6
06101,"Sutter, CA",20.9
06103,"Tehama, CA",26.9
06105,"Trinity, CA",35.7
06107,"Tulare, CA",22.9
06109,"Tuolumne, CA",26.3
06111,"Ventura, CA",12.8
06113,"Yolo, CA",13.7
06115,"Yuba, CA",28.8
08001,"Adams, CO*",15.5
08003,"Alamosa, CO",26.1
08005,"Arapahoe, CO",11.8
08007,"Archuleta, CO",23.1
08009,"Baca, CO",30.9
08011,"Bent, CO",32.4
08013,"Boulder, CO*",8.7
08014,"Broomfield, CO*",8.5
08015,"Chaffee, CO",20.7
08017,"Cheyenne, CO",14.2
08019,"Clear Creek, CO",11.7
08021,"Conejos, CO",30.5
08023,"Costilla, CO",37
08025,"Crowley, CO",36.1
08027,"Custer, CO",27.4
08029,"Delta, CO",26.3
08031,"Denver, CO",9.9
08033,"Dolores, CO",26.8
08035,"Douglas, CO",6.8
08037,"Eagle, CO",5.4
08039,"Elbert, CO",10.8
08041,"El Paso, CO",16.9
08043,"Fremont, CO",30.8
08045,"Garfield, CO",10.8
08047,"Gilpin, CO",13.2
08049,"Grand, CO",12.5
08051,"Gunnison, CO",11.3
08053,"Hinsdale, CO",17.6
08055,"Huerfano, CO",36.1
08057,"Jackson, CO",17.4
08059,"Jefferson, CO*",12.4
08061,"Kiowa, CO",19.7
08063,"Kit Carson, CO",23
08065,"Lake, CO",17.5
08067,"La Plata, CO",12.5
08069,"Larimer, CO",13.1
08071,"Las Animas, CO",36.3
08073,"Lincoln, CO",29
08075,"Logan, CO",17.3
08077,"Mesa, CO",20.8
08079,"Mineral, CO",16.2
08081,"Moffat, CO",20.4
08083,"Montezuma, CO",24.2
08085,"Montrose, CO",24.7
08087,"Morgan, CO",18.8
08089,"Otero, CO",34.1
08091,"Ouray, CO",14
08093,"Park, CO",16
08095,"Phillips, CO",20.7
08097,"Pitkin, CO",3.8
08099,"Prowers, CO",25.1
08101,"Pueblo, CO",29.6
08103,"Rio Blanco, CO",17.4
08105,"Rio Grande, CO",27.8
08107,"Routt, CO",7.3
08109,"Saguache, CO",24.5
08111,"San Juan, CO",14.3
08113,"San Miguel, CO",5.4
08115,"Sedgwick, CO",22.9
08117,"Summit, CO",6.2
08119,"Teller, CO",19.3
08121,"Washington, CO",19.9
08123,"Weld, CO*",14
08125,"Yuma, CO",15.9
09001,"Fairfield, CT",7.6
09003,"Hartford, CT",16
09005,"Litchfield, CT",14.2
09007,"Middlesex, CT",13.1
09009,"New Haven, CT",18.6
09011,"New London, CT",16.7
09013,"Tolland, CT",13.3
09015,"Windham, CT",21
10001,"Kent, DE",25.4
10003,"New Castle, DE",17.6
10005,"Sussex, DE",26.8
11001,"District of Columbia, DC",12
12001,"Alachua, FL",18.6
12003,"Baker, FL",27
12005,"Bay, FL",23
12007,"Bradford, FL",29.4
12009,"Brevard, FL",24.7
12011,"Broward, FL",16.1
12013,"Calhoun, FL",35.9
12015,"Charlotte, FL",32.7
12017,"Citrus, FL",38.9
12019,"Clay, FL",21
12021,"Collier, FL",10.7
12023,"Columbia, FL",30.3
12027,"DeSoto, FL",34.9
12029,"Dixie, FL",40.6
12031,"Duval, FL",19.7
12033,"Escambia, FL",24.6
12035,"Flagler, FL",27.3
12037,"Franklin, FL",28.4
12039,"Gadsden, FL",29.6
12041,"Gilchrist, FL",29
12043,"Glades, FL",32.3
12045,"Gulf, FL",28.3
12047,"Hamilton, FL",38.5
12049,"Hardee, FL",28
12051,"Hendry, FL",26.7
12053,"Hernando, FL",35.6
12055,"Highlands, FL",38.5
12057,"Hillsborough, FL",18.3
12059,"Holmes, FL",37.1
12061,"Indian River, FL",16.3
12063,"Jackson, FL",35.7
12065,"Jefferson, FL",26
12067,"Lafayette, FL",26.5
12069,"Lake, FL",27.7
12071,"Lee, FL",20
12073,"Leon, FL",16.3
12075,"Levy, FL",33.4
12077,"Liberty, FL",31.4
12079,"Madison, FL",33.9
12081,"Manatee, FL",21.4
12083,"Marion, FL",34.5
12085,"Martin, FL",13.6
12086,"Miami-Dade, FL",20
12087,"Monroe, FL",10.7
12089,"Nassau, FL",17.5
12091,"Okaloosa, FL",19.5
12093,"Okeechobee, FL",32.9
12095,"Orange, FL",16.6
12097,"Osceola, FL",24.1
12099,"Palm Beach, FL",12.8
12101,"Pasco, FL",26.5
12103,"Pinellas, FL",21.7
12105,"Polk, FL",28.1
12107,"Putnam, FL",38.2
12109,"St. Johns, FL",12.7
12111,"St. Lucie, FL",26.8
12113,"Santa Rosa, FL",19.8
12115,"Sarasota, FL",19.3
12117,"Seminole, FL",16.2
12119,"Sumter, FL",41.3
12121,"Suwannee, FL",33.3
12123,"Taylor, FL",33.7
12125,"Union, FL",32.5
12127,"Volusia, FL",27
12129,"Wakulla, FL",21.2
12131,"Walton, FL",14.7
12133,"Washington, FL",34.6
13001,"Appling, GA",29
13003,"Atkinson, GA",29.1
13005,"Bacon, GA",29.9
13007,"Baker, GA",30.4
13009,"Baldwin, GA",32.6
13011,"Banks, GA",23.4
13013,"Barrow, GA",19.3
13015,"Bartow, GA",21.1
13017,"Ben Hill, GA",35.5
13019,"Berrien, GA",31.4
13021,"Bibb, GA",26.3
13023,"Bleckley, GA",27.9
13025,"Brantley, GA",31.6
13027,"Brooks, GA",30.7
13029,"Bryan, GA",14.5
13031,"Bulloch, GA",21.5
13033,"Burke, GA",28.9
13035,"Butts, GA",27.3
13037,"Calhoun, GA",35.7
13039,"Camden, GA",21.7
13043,"Candler, GA",35.6
13045,"Carroll, GA",22
13047,"Catoosa, GA",23.9
13049,"Charlton, GA",30.7
13051,"Chatham, GA",18.7
13053,"Chattahoochee, GA",11.6
13055,"Chattooga, GA",34.2
13057,"Cherokee, GA",12.6
13059,"Clarke, GA",19.7
13061,"Clay, GA",42.6
13063,"Clayton, GA",25.4
13065,"Clinch, GA",32.4
13067,"Cobb, GA",11.2
13069,"Coffee, GA",28.6
13071,"Colquitt, GA",30
13073,"Columbia, GA",14.7
13075,"Cook, GA",30.6
13077,"Coweta, GA",14.9
13079,"Crawford, GA",27.4
13081,"Crisp, GA",31.6
13083,"Dade, GA",26.3
13085,"Dawson, GA",17.5
13087,"Decatur, GA",28.1
13089,"DeKalb, GA",14
13091,"Dodge, GA",30.4
13093,"Dooly, GA",28.4
13095,"Dougherty, GA",30.5
13097,"Douglas, GA",20.2
13099,"Early, GA",29.6
13101,"Echols, GA",23.4
13103,"Effingham, GA",16.9
13105,"Elbert, GA",32.3
13107,"Emanuel, GA",34.8
13109,"Evans, GA",26.9
13111,"Fannin, GA",33.5
13113,"Fayette, GA",12.7
13115,"Floyd, GA",26.6
13117,"Forsyth, GA",7.7
13119,"Franklin, GA",28.1
13121,"Fulton, GA",8
13123,"Gilmer, GA",30.4
13125,"Glascock, GA",28.2
13127,"Glynn, GA",21.4
13129,"Gordon, GA",23.7
13131,"Grady, GA",26.8
13133,"Greene, GA",23.6
13135,"Gwinnett, GA",12.8
13137,"Habersham, GA",26.2
13139,"Hall, GA",17.9
13141,"Hancock, GA",40.1
13143,"Haralson, GA",27.5
13145,"Harris, GA",17.7
13147,"Hart, GA",27.7
13149,"Heard, GA",28.1
13151,"Henry, GA",17.4
13153,"Houston, GA",19.7
13155,"Irwin, GA",33.2
13157,"Jackson, GA",18.4
13159,"Jasper, GA",24.9
13161,"Jeff Davis, GA",31.7
13163,"Jefferson, GA",35.5
13165,"Jenkins, GA",35.3
13167,"Johnson, GA",37.3
13169,"Jones, GA",23.7
13171,"Lamar, GA",29.6
13173,"Lanier, GA",31.6
13175,"Laurens, GA",28.9
13177,"Lee, GA",16
13179,"Liberty, GA",23.1
13181,"Lincoln, GA",28.3
13183,"Long, GA",23.7
13185,"Lowndes, GA",22.3
13187,"Lumpkin, GA",24.3
13189,"McDuffie, GA",29.5
13191,"McIntosh, GA",31
13193,"Macon, GA",30.1
13195,"Madison, GA",25.5
13197,"Marion, GA",31.3
13199,"Meriwether, GA",32
13201,"Miller, GA",27.9
13205,"Mitchell, GA",28.8
13207,"Monroe, GA",20.6
13209,"Montgomery, GA",29.5
13211,"Morgan, GA",19.9
13213,"Murray, GA",28.4
13215,"Muscogee, GA",23.4
13217,"Newton, GA",23.6
13219,"Oconee, GA",10.2
13221,"Oglethorpe, GA",23
13223,"Paulding, GA",15.5
13225,"Peach, GA",26.9
13227,"Pickens, GA",23.2
13229,"Pierce, GA",29.2
13231,"Pike, GA",20.6
13233,"Polk, GA",30.9
13235,"Pulaski, GA",29.8
13237,"Putnam, GA",25.8
13239,"Quitman, GA",41.3
13241,"Rabun, GA",27.9
13243,"Randolph, GA",35.8
13245,"Richmond, GA",27.3
13247,"Rockdale, GA",23.4
13249,"Schley, GA",23.4
13251,"Screven, GA",31.9
13253,"Seminole, GA",31.5
13255,"Spalding, GA",30.3
13257,"Stephens, GA",29.1
13259,"Stewart, GA",37.5
13261,"Sumter, GA",30.3
13263,"Talbot, GA",33.7
13265,"Taliaferro, GA",35.3
13267,"Tattnall, GA",28.2
13269,"Taylor, GA",35.6
13271,"Telfair, GA",38.3
13273,"Terrell, GA",29.8
13275,"Thomas, GA",26.2
13277,"Tift, GA",26
13279,"Toombs, GA",30.2
13281,"Towns, GA",39.2
13283,"Treutlen, GA",35.5
13285,"Troup, GA",24.5
13287,"Turner, GA",37
13289,"Twiggs, GA",32.8
13291,"Union, GA",35
13293,"Upson, GA",31.4
13295,"Walker, GA",29.4
13297,"Walton, GA",20.2
13299,"Ware, GA",35
13301,"Warren, GA",36.4
13303,"Washington, GA",29.8
13305,"Wayne, GA",32.2
13307,"Webster, GA",25.4
13309,"Wheeler, GA",35.8
13311,"White, GA",27.4
13313,"Whitfield, GA",20.1
13315,"Wilcox, GA",35.7
13317,"Wilkes, GA",30
13319,"Wilkinson, GA",32.6
13321,"Worth, GA",27.6
15001,"Hawaii, HI",23.9
15003,"Honolulu, HI",14.1
15007,"Kauai, HI",19.4
15901,"Maui + Kalawao, HI*",15.9
16001,"Ada, ID",13.4
16003,"Adams, ID",26.3
16005,"Bannock, ID",22.5
16007,"Bear Lake, ID",25.3
16009,"Benewah, ID",29
16011,"Bingham, ID",20.6
16013,"Blaine, ID",6.7
16015,"Boise, ID",21.8
16017,"Bonner, ID",23.1
16019,"Bonneville, ID",15.7
16021,"Boundary, ID",26
16023,"Butte, ID",25.1
16025,"Camas, ID",19.7
16027,"Canyon, ID",23.1
16029,"Caribou, ID",20.5
16031,"Cassia, ID",15.9
16033,"Clark, ID",12.7
16035,"Clearwater, ID",33.9
16037,"Custer, ID",22.6
16039,"Elmore, ID",21.1
16041,"Franklin, ID",18.5
16043,"Fremont (includes Yellowstone Park), ID",21.1
16045,"Gem, ID",27.3
16047,"Gooding, ID",14.6
16049,"Idaho, ID",26.8
16051,"Jefferson, ID",17.1
16053,"Jerome, ID",17
16055,"Kootenai, ID",20.2
16057,"Latah, ID",16.2
16059,"Lemhi, ID",27.6
16061,"Lewis, ID",40.5
16063,"Lincoln, ID",19.1
16065,"Madison, ID",23.6
16067,"Minidoka, ID",18.6
16069,"Nez Perce, ID",22.5
16071,"Oneida, ID",24.5
16073,"Owyhee, ID",21.5
16075,"Payette, ID",22.3
16077,"Power, ID",19.6
16079,"Shoshone, ID",32.4
16081,"Teton, ID",12.7
16083,"Twin Falls, ID",20.1
16085,"Valley, ID",18.3
16087,"Washington, ID",29.1
17001,"Adams, IL",21
17003,"Alexander, IL",45.3
17005,"Bond, IL",25.5
17007,"Boone, IL",15.9
17009,"Brown, IL",19
17011,"Bureau, IL",21.4
17013,"Calhoun, IL",24.8
17015,"Carroll, IL",25.5
17017,"Cass, IL",22.4
17019,"Champaign, IL",13.3
17021,"Christian, IL",25.2
17023,"Clark, IL",23.9
17025,"Clay, IL",31.2
17027,"Clinton, IL",18.1
17029,"Coles, IL",21.6
17031,"Cook, IL",14.7
17033,"Crawford, IL",20.5
17035,"Cumberland, IL",20.3
17037,"DeKalb, IL",16.3
17039,"De Witt, IL",21
17041,"Douglas, IL",17
17043,"DuPage, IL",9.5
17045,"Edgar, IL",26.4
17047,"Edwards, IL",22.5
17049,"Effingham, IL",17.2
17051,"Fayette, IL",27.1
17053,"Ford, IL",19.1
17055,"Franklin, IL",31.1
17057,"Fulton, IL",28
17059,"Gallatin, IL",27.7
17061,"Greene, IL",28.8
17063,"Grundy, IL",13.8
17065,"Hamilton, IL",25.1
17067,"Hancock, IL",22.9
17069,"Hardin, IL",38.8
17071,"Henderson, IL",23.1
17073,"Henry, IL",18.9
17075,"Iroquois, IL",25.2
17077,"Jackson, IL",22.6
17079,"Jasper, IL",21.1
17081,"Jefferson, IL",26.4
17083,"Jersey, IL",23.1
17085,"Jo Daviess, IL",20.7
17087,"Johnson, IL",26.6
17089,"Kane, IL",12.4
17091,"Kankakee, IL",23.5
17093,"Kendall, IL",9.8
17095,"Knox, IL",29.6
17097,"Lake, IL",8.4
17099,"LaSalle, IL",20.9
17101,"Lawrence, IL",34.5
17103,"Lee, IL",22.5
17105,"Livingston, IL",20.3
17107,"Logan, IL",24.3
17109,"McDonough, IL",21.4
17111,"McHenry, IL",11.6
17113,"McLean, IL",12.6
17115,"Macon, IL",22.4
17117,"Macoupin, IL",25.2
17119,"Madison, IL",20
17121,"Marion, IL",30.7
17123,"Marshall, IL",23.6
17125,"Mason, IL",26.9
17127,"Massac, IL",31.8
17129,"Menard, IL",19.3
17131,"Mercer, IL",21.2
17133,"Monroe, IL",13.2
17135,"Montgomery, IL",28.1
17137,"Morgan, IL",25
17139,"Moultrie, IL",16.8
17141,"Ogle, IL",18.9
17143,"Peoria, IL",18
17145,"Perry, IL",25.8
17147,"Piatt, IL",16.8
17149,"Pike, IL",24.5
17151,"Pope, IL",32.6
17153,"Pulaski, IL",37.7
17155,"Putnam, IL",15.3
17157,"Randolph, IL",25.9
17159,"Richland, IL",25.5
17161,"Rock Island, IL",19.9
17163,"St. Clair, IL",22.1
17165,"Saline, IL",31.7
17167,"Sangamon, IL",18.4
17169,"Schuyler, IL",21.2
17171,"Scott, IL",21.3
17173,"Shelby, IL",24.1
17175,"Stark, IL",24.2
17177,"Stephenson, IL",24.1
17179,"Tazewell, IL",18.6
17181,"Union, IL",29.2
17183,"Vermilion, IL",27.7
17185,"Wabash, IL",22.6
17187,"Warren, IL",21.9
17189,"Washington, IL",18.9
17191,"Wayne, IL",25.6
17193,"White, IL",24.9
17195,"Whiteside, IL",24.3
17197,"Will, IL",12.3
17199,"Williamson, IL",21.8
17201,"Winnebago, IL",21.7
17203,"Woodford, IL",15
18001,"Adams, IN",19.6
18003,"Allen, IN",18.8
18005,"Bartholomew, IN",17
18007,"Benton, IN",22.3
18009,"Blackford, IN",32.9
18011,"Boone, IN",8.8
18013,"Brown, IN",22.8
18015,"Carroll, IN",20.3
18017,"Cass, IN",28.8
18019,"Clark, IN",21.4
18021,"Clay, IN",27.2
18023,"Clinton, IN",24.4
18025,"Crawford, IN",34
18027,"Daviess, IN",21.5
18029,"Dearborn, IN",19.7
18031,"Decatur, IN",21.5
18033,"DeKalb, IN",20.8
18035,"Delaware, IN",29.2
18037,"Dubois, IN",15.2
18039,"Elkhart, IN",17.3
18041,"Fayette, IN",33.7
18043,"Floyd, IN",17.3
18045,"Fountain, IN",26.6
18047,"Franklin, IN",20.5
18049,"Fulton, IN",23.9
18051,"Gibson, IN",20.6
18053,"Grant, IN",32.4
18055,"Greene, IN",27.3
18057,"Hamilton, IN",7.2
18059,"Hancock, IN",16.1
18061,"Harrison, IN",21.6
18063,"Hendricks, IN",12.9
18065,"Henry, IN",30
18067,"Howard, IN",27.5
18069,"Huntington, IN",23.4
18071,"Jackson, IN",20.8
18073,"Jasper, IN",20.7
18075,"Jay, IN",26
18077,"Jefferson, IN",27
18079,"Jennings, IN",31.8
18081,"Johnson, IN",15.6
18083,"Knox, IN",27.6
18085,"Kosciusko, IN",17.3
18087,"Lagrange, IN",14.8
18089,"Lake, IN",22.8
18091,"LaPorte, IN",23.1
18093,"Lawrence, IN",27.1
18095,"Madison, IN",29.3
18097,"Marion, IN",16.6
18099,"Marshall, IN",20.8
18101,"Martin, IN",25.3
18103,"Miami, IN",27.2
18105,"Monroe, IN",16.3
18107,"Montgomery, IN",23.2
18109,"Morgan, IN",21.2
18111,"Newton, IN",23.8
18113,"Noble, IN",21.4
18115,"Ohio, IN",23.3
18117,"Orange, IN",30.2
18119,"Owen, IN",27.3
18121,"Parke, IN",28.1
18123,"Perry, IN",25.8
18125,"Pike, IN",26.8
18127,"Porter, IN",16.7
18129,"Posey, IN",19.1
18131,"Pulaski, IN",24.2
18133,"Putnam, IN",22.4
18135,"Randolph, IN",29
18137,"Ripley, IN",20.8
18139,"Rush, IN",22.2
18141,"St. Joseph, IN",18.6
18143,"Scott, IN",29.6
18145,"Shelby, IN",22
18147,"Spencer, IN",20.6
18149,"Starke, IN",32.8
18151,"Steuben, IN",22.1
18153,"Sullivan, IN",29.6
18155,"Switzerland, IN",26.3
18157,"Tippecanoe, IN",16.1
18159,"Tipton, IN",22.7
18161,"Union, IN",25.6
18163,"Vanderburgh, IN",22.2
18165,"Vermillion, IN",29.9
18167,"Vigo, IN",27.6
18169,"Wabash, IN",28.8
18171,"Warren, IN",22.1
18173,"Warrick, IN",15.4
18175,"Washington, IN",26.9
18177,"Wayne, IN",29.4
18179,"Wells, IN",21.2
18181,"White, IN",24.1
18183,"Whitley, IN",19.1
19001,"Adair, IA",19
19003,"Adams, IA",17.2
19005,"Allamakee, IA",20.6
19007,"Appanoose, IA",29.4
19009,"Audubon, IA",23.5
19011,"Benton, IA",16
19013,"Black Hawk, IA",20.2
19015,"Boone, IA",20.7
19017,"Bremer, IA",16.9
19019,"Buchanan, IA",18.9
19021,"Buena Vista, IA",17.3
19023,"Butler, IA",20.9
19025,"Calhoun, IA",21.4
19027,"Carroll, IA",17.6
19029,"Cass, IA",24.2
19031,"Cedar, IA",14.5
19033,"Cerro Gordo, IA",19.7
19035,"Cherokee, IA",16.4
19037,"Chickasaw, IA",16.2
19039,"Clarke, IA",24.8
19041,"Clay, IA",18.5
19043,"Clayton, IA",20.4
19045,"Clinton, IA",23.5
19047,"Crawford, IA",20
19049,"Dallas, IA",7.8
19051,"Davis, IA",22.4
19053,"Decatur, IA",27.1
19055,"Delaware, IA",16.5
19057,"Des Moines, IA",21.2
19059,"Dickinson, IA",17.3
19061,"Dubuque, IA",17.7
19063,"Emmet, IA",22.9
19065,"Fayette, IA",26
19067,"Floyd, IA",22.7
19069,"Franklin, IA",18.6
19071,"Fremont, IA",25.4
19073,"Greene, IA",22.3
19075,"Grundy, IA",16.5
19077,"Guthrie, IA",19.7
19079,"Hamilton, IA",19.1
19081,"Hancock, IA",18.3
19083,"Hardin, IA",19.7
19085,"Harrison, IA",22
19087,"Henry, IA",21.1
19089,"Howard, IA",19.6
19091,"Humboldt, IA",18.9
19093,"Ida, IA",19.6
19095,"Iowa, IA",16.1
19097,"Jackson, IA",21.7
19099,"Jasper, IA",20.4
19101,"Jefferson, IA",20.7
19103,"Johnson, IA",10.6
19105,"Jones, IA",19.9
19107,"Keokuk, IA",22.4
19109,"Kossuth, IA",18.8
19111,"Lee, IA",25.5
19113,"Linn, IA",15
19115,"Louisa, IA",20.1
19117,"Lucas, IA",23.8
19119,"Lyon, IA",12
19121,"Madison, IA",15.5
19123,"Mahaska, IA",20.4
19125,"Marion, IA",17.4
19127,"Marshall, IA",24.7
19129,"Mills, IA",22.8
19131,"Mitchell, IA",15
19133,"Monona, IA",22.7
19135,"Monroe, IA",21.8
19137,"Montgomery, IA",27.2
19139,"Muscatine, IA",18.2
19141,"O'Brien, IA",16.8
19143,"Osceola, IA",15.8
19145,"Page, IA",26.7
19147,"Palo Alto, IA",19.4
19149,"Plymouth, IA",13.6
19151,"Pocahontas, IA",21.2
19153,"Polk, IA",13.2
19155,"Pottawattamie, IA",21.5
19157,"Poweshiek, IA",18
19159,"Ringgold, IA",24.5
19161,"Sac, IA",20.2
19163,"Scott, IA",17
19165,"Shelby, IA",20.9
19167,"Sioux, IA",13
19169,"Story, IA",13.3
19171,"Tama, IA",20.6
19173,"Taylor, IA",25
19175,"Union, IA",24.8
19177,"Van Buren, IA",26.9
19179,"Wapello, IA",26.8
19181,"Warren, IA",13.8
19183,"Washington, IA",16.6
19185,"Wayne, IA",23.1
19187,"Webster, IA",22.2
19189,"Winnebago, IA",21.6
19191,"Winneshiek, IA",17.3
19193,"Woodbury, IA",19.8
19195,"Worth, IA",20.5
19197,"Wright, IA",21.1
20001,"Allen, KS",28.1
20003,"Anderson, KS",26.2
20005,"Atchison, KS",24.1
20007,"Barber, KS",25.1
20009,"Barton, KS",20.6
20011,"Bourbon, KS",24
20013,"Brown, KS",23.7
20015,"Butler, KS",16.7
20017,"Chase, KS",18.5
20019,"Chautauqua, KS",29.8
20021,"Cherokee, KS",26.7
20023,"Cheyenne, KS",24.8
20025,"Clark, KS",17.8
20027,"Clay, KS",23.7
20029,"Cloud, KS",27.3
20031,"Coffey, KS",20.4
20033,"Comanche, KS",26.1
20035,"Cowley, KS",25.5
20037,"Crawford, KS",25.1
20039,"Decatur, KS",24.2
20041,"Dickinson, KS",23.3
20043,"Doniphan, KS",23.9
20045,"Douglas, KS",14
20047,"Edwards, KS",19.8
20049,"Elk, KS",31.8
20051,"Ellis, KS",17.3
20053,"Ellsworth, KS",22.8
20055,"Finney, KS",15.1
20057,"Ford, KS",15.5
20059,"Franklin, KS",21.5
20061,"Geary, KS",15.4
20063,"Gove, KS",18
20065,"Graham, KS",27.8
20067,"Grant, KS",12.6
20069,"Gray, KS",9.2
20071,"Greeley, KS",18.9
20073,"Greenwood, KS",28.7
20075,"Hamilton, KS",12.5
20077,"Harper, KS",23.6
20079,"Harvey, KS",21.9
20081,"Haskell, KS",11.1
20083,"Hodgeman, KS",19
20085,"Jackson, KS",22.4
20087,"Jefferson, KS",19
20089,"Jewell, KS",24.4
20091,"Johnson, KS",8.7
20093,"Kearny, KS",12.7
20095,"Kingman, KS",22.3
20097,"Kiowa, KS",21.9
20099,"Labette, KS",30.5
20101,"Lane, KS",12.1
20103,"Leavenworth, KS",17.5
20105,"Lincoln, KS",25.8
20107,"Linn, KS",27.5
20109,"Logan, KS",20.9
20111,"Lyon, KS",21.5
20113,"McPherson, KS",18.7
20115,"Marion, KS",22.4
20117,"Marshall, KS",22.4
20119,"Meade, KS",12.7
20121,"Miami, KS",16.5
20123,"Mitchell, KS",19.4
20125,"Montgomery, KS",29.6
20127,"Morris, KS",23.4
20129,"Morton, KS",20.2
20131,"Nemaha, KS",16.2
20133,"Neosho, KS",27.4
20135,"Ness, KS",19.8
20137,"Norton, KS",20.6
20139,"Osage, KS",23.4
20141,"Osborne, KS",23.4
20143,"Ottawa, KS",21.8
20145,"Pawnee, KS",25.5
20147,"Phillips, KS",22
20149,"Pottawatomie, KS",12.1
20151,"Pratt, KS",18.6
20153,"Rawlins, KS",24.3
20155,"Reno, KS",23.7
20157,"Republic, KS",24.2
20159,"Rice, KS",20.9
20161,"Riley, KS",12.2
20163,"Rooks, KS",25.2
20165,"Rush, KS",25.4
20167,"Russell, KS",25
20169,"Saline, KS",17.8
20171,"Scott, KS",13.3
20173,"Sedgwick, KS",15.2
20175,"Seward, KS",15.6
20177,"Shawnee, KS",21.5
20179,"Sheridan, KS",19.3
20181,"Sherman, KS",26
20183,"Smith, KS",25.1
20185,"Stafford, KS",22.7
20187,"Stanton, KS",15
20189,"Stevens, KS",16.8
20191,"Sumner, KS",21.4
20193,"Thomas, KS",18.6
20195,"Trego, KS",24.9
20197,"Wabaunsee, KS",16.9
20199,"Wallace, KS",17.8
20201,"Washington, KS",23.1
20203,"Wichita, KS",14
20205,"Wilson, KS",26.5
20207,"Woodson, KS",30.3
20209,"Wyandotte, KS",25.3
21001,"Adair, KY",37.5
21003,"Allen, KY",30.8
21005,"Anderson, KY",21.3
21007,"Ballard, KY",28.8
21009,"Barren, KY",28.7
21011,"Bath, KY",35.8
21013,"Bell, KY",52
21015,"Boone, KY",14.2
21017,"Bourbon, KY",22.1
21019,"Boyd, KY",33.2
21021,"Boyle, KY",27.1
21023,"Bracken, KY",28
21025,"Breathitt, KY",51.9
21027,"Breckinridge, KY",31.1
21029,"Bullitt, KY",19.8
21031,"Butler, KY",32.9
21033,"Caldwell, KY",33.4
21035,"Calloway, KY",24.9
21037,"Campbell, KY",17.8
21039,"Carlisle, KY",26.6
21041,"Carroll, KY",30.8
21043,"Carter, KY",39.5
21045,"Casey, KY",40.4
21047,"Christian, KY",23.5
21049,"Clark, KY",25.8
21051,"Clay, KY",50.8
21053,"Clinton, KY",45.4
21055,"Crittenden, KY",33.8
21057,"Cumberland, KY",45.9
21059,"Daviess, KY",25.4
21061,"Edmonson, KY",33.5
21063,"Elliott, KY",49.7
21065,"Estill, KY",41.2
21067,"Fayette, KY",14.9
21069,"Fleming, KY",32.7
21071,"Floyd, KY",46.1
21073,"Franklin, KY",27
21075,"Fulton, KY",43.1
21077,"Gallatin, KY",26.8
21079,"Garrard, KY",27.6
21081,"Grant, KY",27.5
21083,"Graves, KY",30.4
21085,"Grayson, KY",32.8
21087,"Green, KY",36.9
21089,"Greenup, KY",32.4
21091,"Hancock, KY",26.6
21093,"Hardin, KY",22.6
21095,"Harlan, KY",54.6
21097,"Harrison, KY",27.1
21099,"Hart, KY",32.5
21101,"Henderson, KY",26.6
21103,"Henry, KY",25.9
21105,"Hickman, KY",32.8
21107,"Hopkins, KY",28.5
21109,"Jackson, KY",40.3
21111,"Jefferson, KY",18.8
21113,"Jessamine, KY",16.5
21115,"Johnson, KY",42.4
21117,"Kenton, KY",14.3
21119,"Knott, KY",50.6
21121,"Knox, KY",46.7
21123,"Larue, KY",28.7
21125,"Laurel, KY",32.5
21127,"Lawrence, KY",43.6
21129,"Lee, KY",50.8
21131,"Leslie, KY",52.6
21133,"Letcher, KY",53.2
21135,"Lewis, KY",38.6
21137,"Lincoln, KY",35.4
21139,"Livingston, KY",32.4
21141,"Logan, KY",29.5
21143,"Lyon, KY",34
21145,"McCracken, KY",22.7
21147,"McCreary, KY",54.5
21149,"McLean, KY",29.1
21151,"Madison, KY",23.8
21153,"Magoffin, KY",52.1
21155,"Marion, KY",28.5
21157,"Marshall, KY",28.1
21159,"Martin, KY",51.6
21161,"Mason, KY",27.3
21163,"Meade, KY",21.6
21165,"Menifee, KY",42.8
21167,"Mercer, KY",27.8
21169,"Metcalfe, KY",38.3
21171,"Monroe, KY",37.4
21173,"Montgomery, KY",27.7
21175,"Morgan, KY",42.9
21177,"Muhlenberg, KY",33.1
21179,"Nelson, KY",20.4
21181,"Nicholas, KY",34.6
21183,"Ohio, KY",33.8
21185,"Oldham, KY",10
21187,"Owen, KY",30.6
21189,"Owsley, KY",59
21191,"Pendleton, KY",20.8
21193,"Perry, KY",44.9
21195,"Pike, KY",41.3
21197,"Powell, KY",40.5
21199,"Pulaski, KY",39.1
21201,"Robertson, KY",36.1
21203,"Rockcastle, KY",39.9
21205,"Rowan, KY",33.4
21207,"Russell, KY",36.9
21209,"Scott, KY",14.9
21211,"Shelby, KY",16.6
21213,"Simpson, KY",26.1
21215,"Spencer, KY",17.6
21217,"Taylor, KY",32.9
21219,"Todd, KY",25.8
21221,"Trigg, KY",29.3
21223,"Trimble, KY",28.2
21225,"Union, KY",33.8
21227,"Warren, KY",21.4
21229,"Washington, KY",27.3
21231,"Wayne, KY",43
21233,"Webster, KY",27.3
21235,"Whitley, KY",44.2
21237,"Wolfe, KY",52.4
21239,"Woodford, KY",16.3
22001,"Acadia, LA",28
22003,"Allen, LA",28.3
22005,"Ascension, LA",14.3
22007,"Assumption, LA",24
22009,"Avoyelles, LA",34
22011,"Beauregard, LA",24.6
22013,"Bienville, LA",37.5
22015,"Bossier, LA",21.7
22017,"Caddo, LA",24.5
22019,"Calcasieu, LA",20.1
22021,"Caldwell, LA",38.6
22023,"Cameron, LA",14.4
22025,"Catahoula, LA",36.5
22027,"Claiborne, LA",34
22029,"Concordia, LA",36.5
22031,"De Soto, LA",28.4
22033,"East Baton Rouge, LA",18.1
22035,"East Carroll, LA",40.5
22037,"East Feliciana, LA",30.5
22039,"Evangeline, LA",36.7
22041,"Franklin, LA",42.1
22043,"Grant, LA",30.7
22045,"Iberia, LA",28.6
22047,"Iberville, LA",26
22049,"Jackson, LA",35
22051,"Jefferson, LA",19.6
22053,"Jefferson Davis, LA",25.6
22055,"Lafayette, LA",17.3
22057,"Lafourche, LA",20.1
22059,"LaSalle, LA",34.4
22061,"Lincoln, LA",22.6
22063,"Livingston, LA",20
22065,"Madison, LA",36.4
22067,"Morehouse, LA",38.9
22069,"Natchitoches, LA",28.7
22071,"Orleans, LA",18.2
22073,"Ouachita, LA",26.3
22075,"Plaquemines, LA",16.7
22077,"Pointe Coupee, LA",25.4
22079,"Rapides, LA",30.4
22081,"Red River, LA",32.6
22083,"Richland, LA",36.2
22085,"Sabine, LA",34.2
22087,"St. Bernard, LA",25.9
22089,"St. Charles, LA",16.8
22091,"St. Helena, LA",34.4
22093,"St. James, LA",21.9
22095,"St. John the Baptist, LA",25.2
22097,"St. Landry, LA",32.6
22099,"St. Martin, LA",26.4
22101,"St. Mary, LA",29.6
22103,"St. Tammany, LA",16.1
22105,"Tangipahoa, LA",29
22107,"Tensas, LA",36.7
22109,"Terrebonne, LA",24.1
22111,"Union, LA",30.9
22113,"Vermilion, LA",25
22115,"Vernon, LA",23
22117,"Washington, LA",39.3
22119,"Webster, LA",33.4
22121,"West Baton Rouge, LA",18.5
22123,"West Carroll, LA",37
22125,"West Feliciana, LA",18.8
22127,"Winn, LA",32.9
23001,"Androscoggin, ME",26.4
23003,"Aroostook, ME",32.9
23005,"Cumberland, ME",15
23007,"Franklin, ME",28.8
23009,"Hancock, ME",20.8
23011,"Kennebec, ME",24
23013,"Knox, ME",21.4
23015,"Lincoln, ME",22.7
23017,"Oxford, ME",29.8
23019,"Penobscot, ME",26.1
23021,"Piscataquis, ME",34.8
23023,"Sagadahoc, ME",19.6
23025,"Somerset, ME",33
23027,"Waldo, ME",26.9
23029,"Washington, ME",35.8
23031,"York, ME",18.6
24001,"Allegany, MD",33.2
24003,"Anne Arundel, MD",11.5
24005,"Baltimore, MD",15.7
24009,"Calvert, MD",12.3
24011,"Caroline, MD",24.5
24013,"Carroll, MD",13.4
24015,"Cecil, MD",20.1
24017,"Charles, MD",12.9
24019,"Dorchester, MD",28.7
24021,"Frederick, MD",11.8
24023,"Garrett, MD",25.2
24025,"Harford, MD",14.7
24027,"Howard, MD",7.9
24029,"Kent, MD",22.2
24031,"Montgomery, MD",7.3
24033,"Prince George's, MD",14.7
24035,"Queen Anne's, MD",13.8
24037,"St. Mary's, MD",13.2
24039,"Somerset, MD",34.2
24041,"Talbot, MD",17.3
24043,"Washington, MD",21.4
24045,"Wicomico, MD",24.8
24047,"Worcester, MD",20.8
24510,"Baltimore (Independent City), MD",27.5
25001,"Barnstable, MA",18.8
25003,"Berkshire, MA",24.5
25005,"Bristol, MA",21.8
25007,"Dukes, MA",11
25009,"Essex, MA",15.4
25011,"Franklin, MA",24.3
25013,"Hampden, MA",28.5
25015,"Hampshire, MA",15
25017,"Middlesex, MA",9.6
25019,"Nantucket, MA",5.5
25021,"Norfolk, MA",9.1
25023,"Plymouth, MA",15.5
25025,"Suffolk, MA",15.2
25027,"Worcester, MA",17
26001,"Alcona, MI",41.9
26003,"Alger, MI",34.1
26005,"Allegan, MI",18.6
26007,"Alpena, MI",34.6
26009,"Antrim, MI",28.4
26011,"Arenac, MI",36.5
26013,"Baraga, MI",32.2
26015,"Barry, MI",19.4
26017,"Bay, MI",28.4
26019,"Benzie, MI",27.3
26021,"Berrien, MI",22.6
26023,"Branch, MI",27.7
26025,"Calhoun, MI",27.3
26027,"Cass, MI",22.7
26029,"Charlevoix, MI",21.4
26031,"Cheboygan, MI",33.7
26033,"Chippewa, MI",30.3
26035,"Clare, MI",38.7
26037,"Clinton, MI",16.1
26039,"Crawford, MI",34.5
26041,"Delta, MI",30.9
26043,"Dickinson, MI",25.9
26045,"Eaton, MI",21.2
26047,"Emmet, MI",20.2
26049,"Genesee, MI",29.4
26051,"Gladwin, MI",36.4
26053,"Gogebic, MI",34.1
26055,"Grand Traverse, MI",19.2
26057,"Gratiot, MI",27.8
26059,"Hillsdale, MI",27.5
26061,"Houghton, MI",28.2
26063,"Huron, MI",29.4
26065,"Ingham, MI",21.2
26067,"Ionia, MI",22.8
26069,"Iosco, MI",40.4
26071,"Iron, MI",37.4
26073,"Isabella, MI",26.9
26075,"Jackson, MI",26
26077,"Kalamazoo, MI",17.7
26079,"Kalkaska, MI",31.8
26081,"Kent, MI",14.1
26083,"Keweenaw, MI",30.9
26085,"Lake, MI",44.8
26087,"Lapeer, MI",22.4
26089,"Leelanau, MI",17.5
26091,"Lenawee, MI",24.8
26093,"Livingston, MI",13.2
26095,"Luce, MI",38.1
26097,"Mackinac, MI",30.3
26099,"Macomb, MI",19.6
26101,"Manistee, MI",35.4
26103,"Marquette, MI",26.8
26105,"Mason, MI",30.4
26107,"Mecosta, MI",28.8
26109,"Menominee, MI",26.1
26111,"Midland, MI",16.5
26113,"Missaukee, MI",29.8
26115,"Monroe, MI",20.2
26117,"Montcalm, MI",27.7
26119,"Montmorency, MI",43.3
26121,"Muskegon, MI",27.6
26123,"Newaygo, MI",27.2
26125,"Oakland, MI",12
26127,"Oceana, MI",29.3
26129,"Ogemaw, MI",40.6
26131,"Ontonagon, MI",42.2
26133,"Osceola, MI",30.7
26135,"Oscoda, MI",43.3
26137,"Otsego, MI",26.1
26139,"Ottawa, MI",14.3
26141,"Presque Isle, MI",35.7
26143,"Roscommon, MI",45
26145,"Saginaw, MI",29.9
26147,"St. Clair, MI",23.7
26149,"St. Joseph, MI",25.7
26151,"Sanilac, MI",32.2
26153,"Schoolcraft, MI",36.1
26155,"Shiawassee, MI",26.9
26157,"Tuscola, MI",32
26159,"Van Buren, MI",25.6
26161,"Washtenaw, MI",12.1
26163,"Wayne, MI",26.9
26165,"Wexford, MI",30.4
27001,"Aitkin, MN",34.2
27003,"Anoka, MN",15.2
27005,"Becker, MN",24.4
27007,"Beltrami, MN",27.5
27009,"Benton, MN",19.5
27011,"Big Stone, MN",28.5
27013,"Blue Earth, MN",17.6
27015,"Brown, MN",21.1
27017,"Carlton, MN",25.3
27019,"Carver, MN",7.8
27021,"Cass, MN",31.3
27023,"Chippewa, MN",23.8
27025,"Chisago, MN",16.8
27027,"Clay, MN",20
27029,"Clearwater, MN",27.3
27031,"Cook, MN",21.6
27033,"Cottonwood, MN",27.2
27035,"Crow Wing, MN",26.2
27037,"Dakota, MN",12.3
27039,"Dodge, MN",16
27041,"Douglas, MN",21.6
27043,"Faribault, MN",31
27045,"Fillmore, MN",23
27047,"Freeborn, MN",25.7
27049,"Goodhue, MN",18.3
27051,"Grant, MN",26.3
27053,"Hennepin, MN",11.5
27055,"Houston, MN",19.3
27057,"Hubbard, MN",27.4
27059,"Isanti, MN",19.9
27061,"Itasca, MN",29.7
27063,"Jackson, MN",20.4
27065,"Kanabec, MN",25.9
27067,"Kandiyohi, MN",19.4
27069,"Kittson, MN",23.4
27071,"Koochiching, MN",33.9
27073,"Lac qui Parle, MN",28.2
27075,"Lake, MN",27.3
27077,"Lake of the Woods, MN",25.8
27079,"Le Sueur, MN",17.4
27081,"Lincoln, MN",26.4
27083,"Lyon, MN",19.2
27085,"McLeod, MN",18.8
27087,"Mahnomen, MN",35.2
27089,"Marshall, MN",22.4
27091,"Martin, MN",23.8
27093,"Meeker, MN",23.1
27095,"Mille Lacs, MN",27.3
27097,"Morrison, MN",25.7
27099,"Mower, MN",22.9
27101,"Murray, MN",21.6
27103,"Nicollet, MN",16.5
27105,"Nobles, MN",19.7
27107,"Norman, MN",31.1
27109,"Olmsted, MN",13.8
27111,"Otter Tail, MN",24
27113,"Pennington, MN",19
27115,"Pine, MN",29.9
27117,"Pipestone, MN",19.2
27119,"Polk, MN",23.6
27121,"Pope, MN",24.1
27123,"Ramsey, MN",17.6
27125,"Red Lake, MN",19.9
27127,"Redwood, MN",23.8
27129,"Renville, MN",22.5
27131,"Rice, MN",18.5
27133,"Rock, MN",20.4
27135,"Roseau, MN",18.1
27137,"St. Louis, MN",24.8
27139,"Scott, MN",9.4
27141,"Sherburne, MN",14.3
27143,"Sibley, MN",20.5
27145,"Stearns, MN",18.5
27147,"Steele, MN",20.2
27149,"Stevens, MN",19
27151,"Swift, MN",26.2
27153,"Todd, MN",28
27155,"Traverse, MN",28.2
27157,"Wabasha, MN",20.2
27159,"Wadena, MN",34.4
27161,"Waseca, MN",22.2
27163,"Washington, MN",10.5
27165,"Watonwan, MN",23.4
27167,"Wilkin, MN",21.2
27169,"Winona, MN",17.4
27171,"Wright, MN",13.3
27173,"Yellow Medicine, MN",23.9
28001,"Adams, MS",34.6
28003,"Alcorn, MS",31.8
28005,"Amite, MS",35.3
28007,"Attala, MS",33.9
28009,"Benton, MS",36.7
28011,"Bolivar, MS",35.2
28013,"Calhoun, MS",35.5
28015,"Carroll, MS",31.8
28017,"Chickasaw, MS",32.9
28019,"Choctaw, MS",32.9
28021,"Claiborne, MS",44.7
28023,"Clarke, MS",33.9
28025,"Clay, MS",29
28027,"Coahoma, MS",41.1
28029,"Copiah, MS",32.9
28031,"Covington, MS",31.1
28033,"DeSoto, MS",16.2
28035,"Forrest, MS",26
28037,"Franklin, MS",35.5
28039,"George, MS",26.5
28041,"Greene, MS",31.6
28043,"Grenada, MS",34.5
28045,"Hancock, MS",25.7
28047,"Harrison, MS",24.3
28049,"Hinds, MS",24.4
28051,"Holmes, MS",50.3
28053,"Humphreys, MS",46.8
28055,"Issaquena, MS",61.2
28057,"Itawamba, MS",31.6
28059,"Jackson, MS",23.1
28061,"Jasper, MS",31.4
28063,"Jefferson, MS",41.7
28065,"Jefferson Davis, MS",40.3
28067,"Jones, MS",30.8
28069,"Kemper, MS",38.6
28071,"Lafayette, MS",17.1
28073,"Lamar, MS",16.9
28075,"Lauderdale, MS",26.8
28077,"Lawrence, MS",37.7
28079,"Leake, MS",33
28081,"Lee, MS",22
28083,"Leflore, MS",34.2
28085,"Lincoln, MS",27.8
28087,"Lowndes, MS",25.6
28089,"Madison, MS",11.4
28091,"Marion, MS",35.8
28093,"Marshall, MS",31.9
28095,"Monroe, MS",31.6
28097,"Montgomery, MS",39.4
28099,"Neshoba, MS",29.6
28101,"Newton, MS",33.3
28103,"Noxubee, MS",38.1
28105,"Oktibbeha, MS",21.2
28107,"Panola, MS",31.9
28109,"Pearl River, MS",29.5
28111,"Perry, MS",35.3
28113,"Pike, MS",36.1
28115,"Pontotoc, MS",25.7
28117,"Prentiss, MS",33.6
28119,"Quitman, MS",52
28121,"Rankin, MS",18.5
28123,"Scott, MS",32.5
28125,"Sharkey, MS",51.2
28127,"Simpson, MS",34
28129,"Smith, MS",29.8
28131,"Stone, MS",33.4
28133,"Sunflower, MS",38
28135,"Tallahatchie, MS",35.1
28137,"Tate, MS",27.9
28139,"Tippah, MS",33.2
28141,"Tishomingo, MS",34.6
28143,"Tunica, MS",32.9
28145,"Union, MS",28
28147,"Walthall, MS",35.9
28149,"Warren, MS",25.8
28151,"Washington, MS",33.3
28153,"Wayne, MS",30.8
28155,"Webster, MS",36.3
28157,"Wilkinson, MS",40
28159,"Winston, MS",33.5
28161,"Yalobusha, MS",37.4
28163,"Yazoo, MS",36.2
29001,"Adair, MO",25.1
29003,"Andrew, MO",17.1
29005,"Atchison, MO",22
29007,"Audrain, MO",22.2
29009,"Barry, MO",27
29011,"Barton, MO",28.4
29013,"Bates, MO",26.2
29015,"Benton, MO",38.2
29017,"Bollinger, MO",32.9
29019,"Boone, MO",15.1
29021,"Buchanan, MO",25.4
29023,"Butler, MO",35.4
29025,"Caldwell, MO",25
29027,"Callaway, MO",23.2
29029,"Camden, MO",29.5
29031,"Cape Girardeau, MO",19.6
29033,"Carroll, MO",24.3
29035,"Carter, MO",39
29037,"Cass, MO",17.7
29039,"Cedar, MO",39.3
29041,"Chariton, MO",25.8
29043,"Christian, MO",18.9
29045,"Clark, MO",27.5
29047,"Clay, MO",15.3
29049,"Clinton, MO",20.2
29051,"Cole, MO",18.3
29053,"Cooper, MO",24.4
29055,"Crawford, MO",30.1
29057,"Dade, MO",30.2
29059,"Dallas, MO",31.4
29061,"Daviess, MO",27.1
29063,"DeKalb, MO",24.8
29065,"Dent, MO",36.1
29067,"Douglas, MO",36.9
29069,"Dunklin, MO",41.2
29071,"Franklin, MO",21.1
29073,"Gasconade, MO",28.6
29075,"Gentry, MO",28.1
29077,"Greene, MO",21.1
29079,"Grundy, MO",33.2
29081,"Harrison, MO",29.1
29083,"Henry, MO",30.4
29085,"Hickory, MO",47.9
29087,"Holt, MO",22.2
29089,"Howard, MO",27.4
29091,"Howell, MO",34.6
29093,"Iron, MO",42.7
29095,"Jackson, MO",19.7
29097,"Jasper, MO",23.1
29099,"Jefferson, MO",20.6
29101,"Johnson, MO",20.6
29103,"Knox, MO",30.6
29105,"Laclede, MO",29.5
29107,"Lafayette, MO",26.5
29109,"Lawrence, MO",28.5
29111,"Lewis, MO",27.4
29113,"Lincoln, MO",21.3
29115,"Linn, MO",30
29117,"Livingston, MO",26.2
29119,"McDonald, MO",28.4
29121,"Macon, MO",26.3
29123,"Madison, MO",37.9
29125,"Maries, MO",30
29127,"Marion, MO",28.8
29129,"Mercer, MO",26.6
29131,"Miller, MO",26.8
29133,"Mississippi, MO",33.9
29135,"Moniteau, MO",20.7
29137,"Monroe, MO",26.2
29139,"Montgomery, MO",26
29141,"Morgan, MO",29.6
29143,"New Madrid, MO",35.9
29145,"Newton, MO",23.3
29147,"Nodaway, MO",24.6
29149,"Oregon, MO",42.9
29151,"Osage, MO",17.4
29153,"Ozark, MO",41.1
29155,"Pemiscot, MO",38.5
29157,"Perry, MO",24
29159,"Pettis, MO",27.6
29161,"Phelps, MO",25.3
29163,"Pike, MO",26.3
29165,"Platte, MO",11.7
29167,"Polk, MO",30.5
29169,"Pulaski, MO",19
29171,"Putnam, MO",33
29173,"Ralls, MO",22.5
29175,"Randolph, MO",27.4
29177,"Ray, MO",23.6
29179,"Reynolds, MO",39.6
29181,"Ripley, MO",42.8
29183,"St. Charles, MO",13.6
29185,"St. Clair, MO",42.1
29186,"Ste. Genevieve, MO",24.8
29187,"St. Francois, MO",32.9
29189,"St. Louis, MO",13.2
29195,"Saline, MO",27.4
29197,"Schuyler, MO",30.8
29199,"Scotland, MO",25.9
29201,"Scott, MO",30.9
29203,"Shannon, MO",36.5
29205,"Shelby, MO",26.1
29207,"Stoddard, MO",31.5
29209,"Stone, MO",30.4
29211,"Sullivan, MO",27.4
29213,"Taney, MO",27.6
29215,"Texas, MO",35.2
29217,"Vernon, MO",30.2
29219,"Warren, MO",22
29221,"Washington, MO",37.8
29223,"Wayne, MO",43.3
29225,"Webster, MO",25.7
29227,"Worth, MO",25.8
29229,"Wright, MO",36.1
29510,"St. Louis (Independent City), MO",23.3
30001,"Beaverhead, MT",22.9
30003,"Big Horn, MT",36.5
30005,"Blaine, MT",33.1
30007,"Broadwater, MT",23.8
30009,"Carbon, MT",19.9
30011,"Carter, MT",17.3
30013,"Cascade, MT",21.5
30015,"Chouteau, MT",23.6
30017,"Custer, MT",20.7
30019,"Daniels, MT",31.1
30021,"Dawson, MT",20.6
30023,"Deer Lodge, MT",30.5
30025,"Fallon, MT",16.1
30027,"Fergus, MT",23.1
30029,"Flathead, MT",19.6
30031,"Gallatin, MT",10.4
30033,"Garfield, MT",20.3
30035,"Glacier, MT",32.8
30037,"Golden Valley, MT",21.8
30039,"Granite, MT",22.9
30041,"Hill, MT",22.7
30043,"Jefferson, MT",18.7
30045,"Judith Basin, MT",18
30047,"Lake, MT",29.6
30049,"Lewis and Clark, MT",18.5
30051,"Liberty, MT",21.5
30053,"Lincoln, MT",38.1
30055,"McCone, MT",22.1
30057,"Madison, MT",19.6
30059,"Meagher, MT",27.8
30061,"Mineral, MT",31.8
30063,"Missoula, MT",16.9
30065,"Musselshell, MT",30.9
30067,"Park, MT",19.3
30069,"Petroleum, MT",19.1
30071,"Phillips, MT",28.3
30073,"Pondera, MT",26.5
30075,"Powder River, MT",18.8
30077,"Powell, MT",23.6
30079,"Prairie, MT",25.9
30081,"Ravalli, MT",24.9
30083,"Richland, MT",12.2
30085,"Roosevelt, MT",35.9
30087,"Rosebud, MT",23.9
30089,"Sanders, MT",38.7
30091,"Sheridan, MT",20.4
30093,"Silver Bow, MT",21.5
30095,"Stillwater, MT",18
30097,"Sweet Grass, MT",20.7
30099,"Teton, MT",22.1
30101,"Toole, MT",17.9
30103,"Treasure, MT",22.4
30105,"Valley, MT",26
30107,"Wheatland, MT",29.6
30109,"Wibaux, MT",20.9
30111,"Yellowstone, MT",16.8
31001,"Adams, NE",18.9
31003,"Antelope, NE",18.2
31005,"Arthur, NE",20.2
31007,"Banner, NE",15.5
31009,"Blaine, NE",16
31011,"Boone, NE",14.5
31013,"Box Butte, NE",23.1
31015,"Boyd, NE",24.4
31017,"Brown, NE",19.8
31019,"Buffalo, NE",12.9
31021,"Burt, NE",21.4
31023,"Butler, NE",18.6
31025,"Cass, NE",15.7
31027,"Cedar, NE",14.2
31029,"Chase, NE",18.1
31031,"Cherry, NE",16.5
31033,"Cheyenne, NE",17.2
31035,"Clay, NE",20
31037,"Colfax, NE",14
31039,"Cuming, NE",13.6
31041,"Custer, NE",19.2
31043,"Dakota, NE",18.1
31045,"Dawes, NE",22
31047,"Dawson, NE",18
31049,"Deuel, NE",25.3
31051,"Dixon, NE",15.7
31053,"Dodge, NE",20.3
31055,"Douglas, NE",11.7
31057,"Dundy, NE",21.8
31059,"Fillmore, NE",18.7
31061,"Franklin, NE",25.6
31063,"Frontier, NE",18.1
31065,"Furnas, NE",24.5
31067,"Gage, NE",24.7
31069,"Garden, NE",28.1
31071,"Garfield, NE",22
31073,"Gosper, NE",18.9
31075,"Grant, NE",18.1
31077,"Greeley, NE",19.9
31079,"Hall, NE",18.1
31081,"Hamilton, NE",15.4
31083,"Harlan, NE",23.9
31085,"Hayes, NE",13.6
31087,"Hitchcock, NE",30.3
31089,"Holt, NE",18.3
31091,"Hooker, NE",21.6
31093,"Howard, NE",18.9
31095,"Jefferson, NE",22.2
31097,"Johnson, NE",18.9
31099,"Kearney, NE",17.2
31101,"Keith, NE",22.6
31103,"Keya Paha, NE",15.3
31105,"Kimball, NE",23.3
31107,"Knox, NE",21.7
31109,"Lancaster, NE",14.2
31111,"Lincoln, NE",22.1
31113,"Logan, NE",19
31115,"Loup, NE",17.9
31117,"McPherson, NE",11.9
31119,"Madison, NE",17.4
31121,"Merrick, NE",19.7
31123,"Morrill, NE",18.7
31125,"Nance, NE",22.7
31127,"Nemaha, NE",20.4
31129,"Nuckolls, NE",24.7
31131,"Otoe, NE",17.6
31133,"Pawnee, NE",20.8
31135,"Perkins, NE",16.2
31137,"Phelps, NE",17.5
31139,"Pierce, NE",14
31141,"Platte, NE",14.9
31143,"Polk, NE",16.7
31145,"Red Willow, NE",22.5
31147,"Richardson, NE",23.4
31149,"Rock, NE",10.7
31151,"Saline, NE",18.4
31153,"Sarpy, NE",12.7
31155,"Saunders, NE",16.3
31157,"Scotts Bluff, NE",22.4
31159,"Seward, NE",16.1
31161,"Sheridan, NE",20.7
31163,"Sherman, NE",23.6
31165,"Sioux, NE",11.7
31167,"Stanton, NE",12.9
31169,"Thayer, NE",21.3
31171,"Thomas, NE",15.2
31173,"Thurston, NE",19.5
31175,"Valley, NE",21.9
31177,"Washington, NE",14.1
31179,"Wayne, NE",15.4
31181,"Webster, NE",24.3
31183,"Wheeler, NE",7.6
31185,"York, NE",18.6
32001,"Churchill, NV",25.6
32003,"Clark, NV",16.6
32005,"Douglas, NV",14.3
32007,"Elko, NV",12.7
32009,"Esmeralda, NV",22.7
32011,"Eureka, NV",14.6
32013,"Humboldt, NV",15.4
32015,"Lander, NV",12.2
32017,"Lincoln, NV",29.1
32019,"Lyon, NV",25.4
32021,"Mineral, NV",37.3
32023,"Nye, NV",35.4
32027,"Pershing, NV",22.6
32029,"Storey, NV",16.2
32031,"Washoe, NV",14
32033,"White Pine, NV",22.6
32510,"Carson City (Independent City), NV",21.8
33001,"Belknap, NH",18.2
33003,"Carroll, NH",21
33005,"Cheshire, NH",18.8
33007,"Coos, NH",33.2
33009,"Grafton, NH",16.1
33011,"Hillsborough, NH",13.5
33013,"Merrimack, NH",16.8
33015,"Rockingham, NH",10.9
33017,"Strafford, NH",16.1
33019,"Sullivan, NH",20
34001,"Atlantic, NJ",23.1
34003,"Bergen, NJ",10.1
34005,"Burlington, NJ",15.3
34007,"Camden, NJ",20.3
34009,"Cape May, NJ",23.1
34011,"Cumberland, NJ",28.4
34013,"Essex, NJ",16
34015,"Gloucester, NJ",16.8
34017,"Hudson, NJ",13.8
34019,"Hunterdon, NJ",9.1
34021,"Mercer, NJ",13.9
34023,"Middlesex, NJ",13.5
34025,"Monmouth, NJ",12.1
34027,"Morris, NJ",8.1
34029,"Ocean, NJ",22.7
34031,"Passaic, NJ",20.2
34033,"Salem, NJ",24.7
34035,"Somerset, NJ",7.4
34037,"Sussex, NJ",14.1
34039,"Union, NJ",12.9
34041,"Warren, NJ",17.2
35001,"Bernalillo, NM",20.6
35003,"Catron, NM",39.3
35005,"Chaves, NM",25.4
35006,"Cibola, NM*",36.1
35007,"Colfax, NM",32
35009,"Curry, NM",20.7
35011,"De Baca, NM",37.1
35013,"Doña Ana, NM",26.3
35015,"Eddy, NM",19
35017,"Grant, NM",36
35019,"Guadalupe, NM",38.7
35021,"Harding, NM",27
35023,"Hidalgo, NM",34.2
35025,"Lea, NM",21.4
35027,"Lincoln, NM",29.9
35028,"Los Alamos, NM",6.9
35029,"Luna, NM",41.8
35031,"McKinley, NM",35.3
35033,"Mora, NM",41.4
35035,"Otero, NM",26.6
35037,"Quay, NM",41.8
35039,"Rio Arriba, NM",35.6
35041,"Roosevelt, NM",24.8
35043,"Sandoval, NM",20
35045,"San Juan, NM",24.3
35047,"San Miguel, NM",43
35049,"Santa Fe, NM",16.5
35051,"Sierra, NM",45.9
35053,"Socorro, NM",33.5
35055,"Taos, NM",31.8
35057,"Torrance, NM",38.7
35059,"Union, NM",31.7
35061,"Valencia, NM*",31.4
36001,"Albany, NY",18.5
36003,"Allegany, NY",30.8
36005,"Bronx, NY",35
36007,"Broome, NY",26
36009,"Cattaraugus, NY",29.3
36011,"Cayuga, NY",24.5
36013,"Chautauqua, NY",30.4
36015,"Chemung, NY",27.5
36017,"Chenango, NY",27.3
36019,"Clinton, NY",25.1
36021,"Columbia, NY",22.3
36023,"Cortland, NY",24.7
36025,"Delaware, NY",30.3
36027,"Dutchess, NY",18.3
36029,"Erie, NY",21.9
36031,"Essex, NY",26.3
36033,"Franklin, NY",28.8
36035,"Fulton, NY",29.2
36037,"Genesee, NY",23.8
36039,"Greene, NY",25
36041,"Hamilton, NY",25.5
36043,"Herkimer, NY",28.8
36045,"Jefferson, NY",20.9
36047,"Kings, NY",25.2
36049,"Lewis, NY",22.3
36051,"Livingston, NY",21.9
36053,"Madison, NY",21.5
36055,"Monroe, NY",21.4
36057,"Montgomery, NY",31.4
36059,"Nassau, NY",12.2
36061,"New York, NY",7.6
36063,"Niagara, NY",25.7
36065,"Oneida, NY",26.7
36067,"Onondaga, NY",21
36069,"Ontario, NY",19.4
36071,"Orange, NY",19.6
36073,"Orleans, NY",27.8
36075,"Oswego, NY",27.7
36077,"Otsego, NY",24.7
36079,"Putnam, NY",13.9
36081,"Queens, NY",26.2
36083,"Rensselaer, NY",21.1
36085,"Richmond, NY",25.1
36087,"Rockland, NY",18.5
36089,"St. Lawrence, NY",29.1
36091,"Saratoga, NY",12.9
36093,"Schenectady, NY",21.9
36095,"Schoharie, NY",24.9
36097,"Schuyler, NY",28.8
36099,"Seneca, NY",27.1
36101,"Steuben, NY",24.8
36103,"Suffolk, NY",16
36105,"Sullivan, NY",29.5
36107,"Tioga, NY",23.1
36109,"Tompkins, NY",16.3
36111,"Ulster, NY",23.1
36113,"Warren, NY",22.5
36115,"Washington, NY",26.3
36117,"Wayne, NY",24.6
36119,"Westchester, NY",10.1
36121,"Wyoming, NY",24
36123,"Yates, NY",26
37001,"Alamance, NC",22.5
37003,"Alexander, NC",26.4
37005,"Alleghany, NC",32.1
37007,"Anson, NC",33.1
37009,"Ashe, NC",31.6
37011,"Avery, NC",28.5
37013,"Beaufort, NC",29.8
37015,"Bertie, NC",39.5
37017,"Bladen, NC",34.7
37019,"Brunswick, NC",29.1
37021,"Buncombe, NC",20
37023,"Burke, NC",28.9
37025,"Cabarrus, NC",16.3
37027,"Caldwell, NC",29.4
37029,"Camden, NC",19.2
37031,"Carteret, NC",22.9
37033,"Caswell, NC",31.5
37035,"Catawba, NC",21.6
37037,"Chatham, NC",15.7
37039,"Cherokee, NC",40.7
37041,"Chowan, NC",32.1
37043,"Clay, NC",36.8
37045,"Cleveland, NC",31.7
37047,"Columbus, NC",38.2
37049,"Craven, NC",24.7
37051,"Cumberland, NC",26.6
37053,"Currituck, NC",18.2
37055,"Dare, NC",16.2
37057,"Davidson, NC",24.9
37059,"Davie, NC",21.1
37061,"Duplin, NC",26.4
37063,"Durham, NC",15
37065,"Edgecombe, NC",36.2
37067,"Forsyth, NC",18.3
37069,"Franklin, NC",23.9
37071,"Gaston, NC",24.3
37073,"Gates, NC",26.1
37075,"Graham, NC",35.5
37077,"Granville, NC",22.4
37079,"Greene, NC",26.7
37081,"Guilford, NC",18.2
37083,"Halifax, NC",37.8
37085,"Harnett, NC",23.7
37087,"Haywood, NC",29.9
37089,"Henderson, NC",25.8
37091,"Hertford, NC",34.2
37093,"Hoke, NC",26.7
37095,"Hyde, NC",21.4
37097,"Iredell, NC",16.6
37099,"Jackson, NC",25.3
37101,"Johnston, NC",19.7
37103,"Jones, NC",31.8
37105,"Lee, NC",25.7
37107,"Lenoir, NC",30.4
37109,"Lincoln, NC",19.7
37111,"McDowell, NC",32.8
37113,"Macon, NC",30.4
37115,"Madison, NC",31.8
37117,"Martin, NC",38.5
37119,"Mecklenburg, NC",11
37121,"Mitchell, NC",33.1
37123,"Montgomery, NC",28.4
37125,"Moore, NC",21.9
37127,"Nash, NC",26
37129,"New Hanover, NC",19.6
37131,"Northampton, NC",39.2
37133,"Onslow, NC",17.4
37135,"Orange, NC",10.1
37137,"Pamlico, NC",31.2
37139,"Pasquotank, NC",25.9
37141,"Pender, NC",25.3
37143,"Perquimans, NC",30.1
37145,"Person, NC",28.4
37147,"Pitt, NC",21
37149,"Polk, NC",26.6
37151,"Randolph, NC",25.8
37153,"Richmond, NC",35.9
37155,"Robeson, NC",38.8
37157,"Rockingham, NC",30.4
37159,"Rowan, NC",27.3
37161,"Rutherford, NC",34
37163,"Sampson, NC",28.1
37165,"Scotland, NC",38.7
37167,"Stanly, NC",26.3
37169,"Stokes, NC",28
37171,"Surry, NC",29.1
37173,"Swain, NC",30.4
37175,"Transylvania, NC",28
37177,"Tyrrell, NC",31.4
37179,"Union, NC",12.3
37181,"Vance, NC",34.7
37183,"Wake, NC",10.1
37185,"Warren, NC",36.9
37187,"Washington, NC",39.5
37189,"Watauga, NC",19.5
37191,"Wayne, NC",26.4
37193,"Wilkes, NC",31.4
37195,"Wilson, NC",27.8
37197,"Yadkin, NC",28
37199,"Yancey, NC",34.5
38001,"Adams, ND",19.7
38003,"Barnes, ND",21.2
38005,"Benson, ND",32.4
38007,"Billings, ND",7.7
38009,"Bottineau, ND",20.4
38011,"Bowman, ND",15.7
38013,"Burke, ND",13.4
38015,"Burleigh, ND",12.7
38017,"Cass, ND",10.8
38019,"Cavalier, ND",18.3
38021,"Dickey, ND",23.1
38023,"Divide, ND",22.1
38025,"Dunn, ND",12.3
38027,"Eddy, ND",25.2
38029,"Emmons, ND",26.3
38031,"Foster, ND",16.5
38033,"Golden Valley, ND",18.7
38035,"Grand Forks, ND",13.8
38037,"Grant, ND",31.1
38039,"Griggs, ND",23.6
38041,"Hettinger, ND",23.1
38043,"Kidder, ND",22.6
38045,"LaMoure, ND",23.7
38047,"Logan, ND",21.1
38049,"McHenry, ND",19.8
38051,"McIntosh, ND",26.1
38053,"McKenzie, ND",7.9
38055,"McLean, ND",21.3
38057,"Mercer, ND",14.6
38059,"Morton, ND",15.9
38061,"Mountrail, ND",13.2
38063,"Nelson, ND",25.4
38065,"Oliver, ND",16.5
38067,"Pembina, ND",19.6
38069,"Pierce, ND",24.2
38071,"Ramsey, ND",21.7
38073,"Ransom, ND",22.2
38075,"Renville, ND",20
38077,"Richland, ND",16.6
38079,"Rolette, ND",33.4
38081,"Sargent, ND",15
38083,"Sheridan, ND",40.4
38085,"Sioux, ND",36.7
38087,"Slope, ND",24.1
38089,"Stark, ND",11.1
38091,"Steele, ND",13.8
38093,"Stutsman, ND",18.7
38095,"Towner, ND",26.4
38097,"Traill, ND",19.3
38099,"Walsh, ND",22.2
38101,"Ward, ND",13
38103,"Wells, ND",23
38105,"Williams, ND",8
39001,"Adams, OH",34.7
39003,"Allen, OH",24.2
39005,"Ashland, OH",23.1
39007,"Ashtabula, OH",31.5
39009,"Athens, OH",25.1
39011,"Auglaize, OH",17.6
39013,"Belmont, OH",26.4
39015,"Brown, OH",28.5
39017,"Butler, OH",18
39019,"Carroll, OH",26.3
39021,"Champaign, OH",22.9
39023,"Clark, OH",27.9
39025,"Clermont, OH",16.4
39027,"Clinton, OH",21.4
39029,"Columbiana, OH",29.6
39031,"Coshocton, OH",31
39033,"Crawford, OH",29.5
39035,"Cuyahoga, OH",19.5
39037,"Darke, OH",22.4
39039,"Defiance, OH",24.1
39041,"Delaware, OH",7.7
39043,"Erie, OH",16.3
39045,"Fairfield, OH",17.8
39047,"Fayette, OH",28.3
39049,"Franklin, OH",15.2
39051,"Fulton, OH",19.8
39053,"Gallia, OH",34.1
39055,"Geauga, OH",11.6
39057,"Greene, OH",17
39059,"Guernsey, OH",30.6
39061,"Hamilton, OH",15.8
39063,"Hancock, OH",16
39065,"Hardin, OH",27.2
39067,"Harrison, OH",29.2
39069,"Henry, OH",21.8
39071,"Highland, OH",29.9
39073,"Hocking, OH",29.2
39075,"Holmes, OH",12.2
39077,"Huron, OH",24.1
39079,"Jackson, OH",32.1
39081,"Jefferson, OH",32.7
39083,"Knox, OH",23.8
39085,"Lake, OH",18.9
39087,"Lawrence, OH",33.5
39089,"Licking, OH",18.7
39091,"Logan, OH",22.5
39093,"Lorain, OH",20.8
39095,"Lucas, OH",23.1
39097,"Madison, OH",18.5
39099,"Mahoning, OH",27.3
39101,"Marion, OH",28
39103,"Medina, OH",14.1
39105,"Meigs, OH",33.5
39107,"Mercer, OH",16.8
39109,"Miami, OH",19.3
39111,"Monroe, OH",35.2
39113,"Montgomery, OH",22.2
39115,"Morgan, OH",32.1
39117,"Morrow, OH",23.5
39119,"Muskingum, OH",26.8
39121,"Noble, OH",29.2
39123,"Ottawa, OH",23.1
39125,"Paulding, OH",24.5
39127,"Perry, OH",27.8
39129,"Pickaway, OH",21.4
39131,"Pike, OH",34.5
39133,"Portage, OH",19.5
39135,"Preble, OH",24.4
39137,"Putnam, OH",17
39139,"Richland, OH",26.7
39141,"Ross, OH",28.3
39143,"Sandusky, OH",23.8
39145,"Scioto, OH",35
39147,"Seneca, OH",25.7
39149,"Shelby, OH",18
39151,"Stark, OH",22.9
39153,"Summit, OH",18.8
39155,"Trumbull, OH",28.3
39157,"Tuscarawas, OH",22.5
39159,"Union, OH",11.9
39161,"Van Wert, OH",23.3
39163,"Vinton, OH",34
39165,"Warren, OH",11.7
39167,"Washington, OH",25.7
39169,"Wayne, OH",19
39171,"Williams, OH",23.3
39173,"Wood, OH",16.4
39175,"Wyandot, OH",20.6
40001,"Adair, OK",34.6
40003,"Alfalfa, OK",18.8
40005,"Atoka, OK",31.6
40007,"Beaver, OK",15.3
40009,"Beckham, OK",21.1
40011,"Blaine, OK",25
40013,"Bryan, OK",27.9
40015,"Caddo, OK",27.1
40017,"Canadian, OK",14.6
40019,"Carter, OK",24.2
40021,"Cherokee, OK",28.7
40023,"Choctaw, OK",39.5
40025,"Cimarron, OK",17.6
40027,"Cleveland, OK",16.1
40029,"Coal, OK",31.4
40031,"Comanche, OK",22.1
40033,"Cotton, OK",24.9
40035,"Craig, OK",33.6
40037,"Creek, OK",24.3
40039,"Custer, OK",18.6
40041,"Delaware, OK",31.8
40043,"Dewey, OK",19.7
40045,"Ellis, OK",16.4
40047,"Garfield, OK",20.7
40049,"Garvin, OK",27.8
40051,"Grady, OK",21.4
40053,"Grant, OK",21.3
40055,"Greer, OK",36.6
40057,"Harmon, OK",26.7
40059,"Harper, OK",16.3
40061,"Haskell, OK",34.9
40063,"Hughes, OK",35
40065,"Jackson, OK",22.1
40067,"Jefferson, OK",34.9
40069,"Johnston, OK",31.8
40071,"Kay, OK",25.5
40073,"Kingfisher, OK",17.3
40075,"Kiowa, OK",32
40077,"Latimer, OK",35
40079,"Le Flore, OK",32.2
40081,"Lincoln, OK",26
40083,"Logan, OK",18.8
40085,"Love, OK",26.8
40087,"McClain, OK",18.4
40089,"McCurtain, OK",33.9
40091,"McIntosh, OK",39.8
40093,"Major, OK",20.3
40095,"Marshall, OK",32.2
40097,"Mayes, OK",29.4
40099,"Murray, OK",24.4
40101,"Muskogee, OK",31.1
40103,"Noble, OK",23
40105,"Nowata, OK",29.4
40107,"Okfuskee, OK",35.1
40109,"Oklahoma, OK",15.4
40111,"Okmulgee, OK",33.5
40113,"Osage, OK",24
40115,"Ottawa, OK",32.4
40117,"Pawnee, OK",30.8
40119,"Payne, OK",18.4
40121,"Pittsburg, OK",27.2
40123,"Pontotoc, OK",23.9
40125,"Pottawatomie, OK",26
40127,"Pushmataha, OK",38.3
40129,"Roger Mills, OK",15.2
40131,"Rogers, OK",18.7
40133,"Seminole, OK",33.1
40135,"Sequoyah, OK",32.6
40137,"Stephens, OK",26.2
40139,"Texas, OK",12.2
40141,"Tillman, OK",22.8
40143,"Tulsa, OK",13.2
40145,"Wagoner, OK",19.4
40147,"Washington, OK",16.2
40149,"Washita, OK",24.2
40151,"Woods, OK",17.8
40153,"Woodward, OK",17.2
41001,"Baker, OR",31.2
41003,"Benton, OR",14.1
41005,"Clackamas, OR",13.1
41007,"Clatsop, OR",25.3
41009,"Columbia, OR",23.7
41011,"Coos, OR",33
41013,"Crook, OR",30.8
41015,"Curry, OR",35
41017,"Deschutes, OR",18.3
41019,"Douglas, OR",32.9
41021,"Gilliam, OR",24.1
41023,"Grant, OR",29.7
41025,"Harney, OR",29.7
41027,"Hood River, OR",15.1
41029,"Jackson, OR",24.8
41031,"Jefferson, OR",35.6
41033,"Josephine, OR",34
41035,"Klamath, OR",31.6
41037,"Lake, OR",29.5
41039,"Lane, OR",23
41041,"Lincoln, OR",28.2
41043,"Linn, OR",28.4
41045,"Malheur, OR",35.9
41047,"Marion, OR",24.3
41049,"Morrow, OR",22.3
41051,"Multnomah, OR",14.2
41053,"Polk, OR",22.1
41055,"Sherman, OR",26.7
41057,"Tillamook, OR",28.3
41059,"Umatilla, OR",25.6
41061,"Union, OR",29
41063,"Wallowa, OR",29.3
41065,"Wasco, OR",25.9
41067,"Washington, OR",11.8
41069,"Wheeler, OR",37.8
41071,"Yamhill, OR",21
42001,"Adams, PA",19
42003,"Allegheny, PA",17.4
42005,"Armstrong, PA",27.7
42007,"Beaver, PA",25.4
42009,"Bedford, PA",26.7
42011,"Berks, PA",20.3
42013,"Blair, PA",26.6
42015,"Bradford, PA",25.9
42017,"Bucks, PA",13.2
42019,"Butler, PA",16.5
42021,"Cambria, PA",31.6
42023,"Cameron, PA",30.9
42025,"Carbon, PA",21.6
42027,"Centre, PA",15
42029,"Chester, PA",9.9
42031,"Clarion, PA",27.9
42033,"Clearfield, PA",25.9
42035,"Clinton, PA",25.9
42037,"Columbia, PA",24
42039,"Crawford, PA",28.2
42041,"Cumberland, PA",16.3
42043,"Dauphin, PA",20
42045,"Delaware, PA",15.9
42047,"Elk, PA",24.6
42049,"Erie, PA",25.4
42051,"Fayette, PA",31.5
42053,"Forest, PA",42.8
42055,"Franklin, PA",20.9
42057,"Fulton, PA",24.7
42059,"Greene, PA",26.6
42061,"Huntingdon, PA",28
42063,"Indiana, PA",26.7
42065,"Jefferson, PA",26.9
42067,"Juniata, PA",20.9
42069,"Lackawanna, PA",24.5
42071,"Lancaster, PA",17.1
42073,"Lawrence, PA",29.4
42075,"Lebanon, PA",20.7
42077,"Lehigh, PA",18.3
42079,"Luzerne, PA",25.2
42081,"Lycoming, PA",24.6
42083,"McKean, PA",25.9
42085,"Mercer, PA",29.2
42087,"Mifflin, PA",28.9
42089,"Monroe, PA",21.7
42091,"Montgomery, PA",11.3
42093,"Montour, PA",18.9
42095,"Northampton, PA",19
42097,"Northumberland, PA",27.7
42099,"Perry, PA",21
42101,"Philadelphia, PA",22.5
42103,"Pike, PA",22.9
42105,"Potter, PA",28.7
42107,"Schuylkill, PA",27.2
42109,"Snyder, PA",25.9
42111,"Somerset, PA",27.3
42113,"Sullivan, PA",28.3
42115,"Susquehanna, PA",23.6
42117,"Tioga, PA",26.9
42119,"Union, PA",18.7
42121,"Venango, PA",33.4
42123,"Warren, PA",28.1
42125,"Washington, PA",19.7
42127,"Wayne, PA",26.2
42129,"Westmoreland, PA",22.6
42131,"Wyoming, PA",23
42133,"York, PA",18.9
44001,"Bristol, RI",12
44003,"Kent, RI",18.6
44005,"Newport, RI",15.6
44007,"Providence, RI",23.5
44009,"Washington, RI",15.4
45001,"Abbeville, SC",32.6
45003,"Aiken, SC",23.5
45005,"Allendale, SC",36.6
45007,"Anderson, SC",25.2
45009,"Bamberg, SC",35.8
45011,"Barnwell, SC",32.3
45013,"Beaufort, SC",18.6
45015,"Berkeley, SC",19.1
45017,"Calhoun, SC",28.4
45019,"Charleston, SC",13.8
45021,"Cherokee, SC",30.5
45023,"Chester, SC",32.9
45025,"Chesterfield, SC",32.6
45027,"Clarendon, SC",35.8
45029,"Colleton, SC",34.1
45031,"Darlington, SC",30.3
45033,"Dillon, SC",38.6
45035,"Dorchester, SC",21
45037,"Edgefield, SC",25.2
45039,"Fairfield, SC",30.9
45041,"Florence, SC",25.7
45043,"Georgetown, SC",27.8
45045,"Greenville, SC",17.3
45047,"Greenwood, SC",28.9
45049,"Hampton, SC",33.8
45051,"Horry, SC",28.6
45053,"Jasper, SC",31.6
45055,"Kershaw, SC",25.1
45057,"Lancaster, SC",20.1
45059,"Laurens, SC",33.7
45061,"Lee, SC",36.8
45063,"Lexington, SC",17.8
45065,"McCormick, SC",40
45067,"Marion, SC",38.5
45069,"Marlboro, SC",35.5
45071,"Newberry, SC",27.4
45073,"Oconee, SC",25.8
45075,"Orangeburg, SC",33.9
45077,"Pickens, SC",23.8
45079,"Richland, SC",18.7
45081,"Saluda, SC",28.2
45083,"Spartanburg, SC",21.4
45085,"Sumter, SC",28.2
45087,"Union, SC",36.9
45089,"Williamsburg, SC",37.5
45091,"York, SC",16.3
46003,"Aurora, SD",16.9
46005,"Beadle, SD",16.2
46007,"Bennett, SD",31.2
46009,"Bon Homme, SD",21
46011,"Brookings, SD",11.3
46013,"Brown, SD",14.3
46015,"Brule, SD",18.3
46017,"Buffalo, SD",40.2
46019,"Butte, SD",21
46021,"Campbell, SD",18
46023,"Charles Mix, SD",21.8
46025,"Clark, SD",16.4
46027,"Clay, SD",17.3
46029,"Codington, SD",15.7
46031,"Corson, SD",30.3
46033,"Custer, SD",19.9
46035,"Davison, SD",16.2
46037,"Day, SD",23.6
46039,"Deuel, SD",16.6
46041,"Dewey, SD",25.3
46043,"Douglas, SD",15.8
46045,"Edmunds, SD",17.5
46047,"Fall River, SD",29.4
46049,"Faulk, SD",24.5
46051,"Grant, SD",16.3
46053,"Gregory, SD",21.3
46055,"Haakon, SD",15.2
46057,"Hamlin, SD",16.1
46059,"Hand, SD",19.6
46061,"Hanson, SD",18.6
46063,"Harding, SD",11.1
46065,"Hughes, SD",13.6
46067,"Hutchinson, SD",17.6
46069,"Hyde, SD",18.4
46071,"Jackson, SD",30.2
46073,"Jerauld, SD",21.1
46075,"Jones, SD",15
46077,"Kingsbury, SD",19.6
46079,"Lake, SD",18.9
46081,"Lawrence, SD",16.6
46083,"Lincoln, SD",6.9
46085,"Lyman, SD",20
46087,"McCook, SD",16
46089,"McPherson, SD",26.3
46091,"Marshall, SD",16.8
46093,"Meade, SD",16.3
46095,"Mellette, SD",32.6
46097,"Miner, SD",17.2
46099,"Minnehaha, SD",13
46101,"Moody, SD",14.5
46102,"Oglala Lakota, SD*",42.2
46103,"Pennington, SD",17.8
46105,"Perkins, SD",19.7
46107,"Potter, SD",17.3
46109,"Roberts, SD",24.6
46111,"Sanborn, SD",14.9
46115,"Spink, SD",27.3
46117,"Stanley, SD",10
46119,"Sully, SD",12
46121,"Todd, SD",36.8
46123,"Tripp, SD",22.2
46125,"Turner, SD",12.9
46127,"Union, SD",7.2
46129,"Walworth, SD",22.1
46135,"Yankton, SD",16.3
46137,"Ziebach, SD",28
47001,"Anderson, TN",24.9
47003,"Bedford, TN",23.3
47005,"Benton, TN",38.6
47007,"Bledsoe, TN",33.8
47009,"Blount, TN",22.2
47011,"Bradley, TN",23.7
47013,"Campbell, TN",38.3
47015,"Cannon, TN",28.2
47017,"Carroll, TN",37.2
47019,"Carter, TN",33.6
47021,"Cheatham, TN",18.7
47023,"Chester, TN",29.3
47025,"Claiborne, TN",34.5
47027,"Clay, TN",37.3
47029,"Cocke, TN",37
47031,"Coffee, TN",27.1
47033,"Crockett, TN",31.6
47035,"Cumberland, TN",36.2
47037,"Davidson, TN",11.5
47039,"Decatur, TN",34.1
47041,"DeKalb, TN",24.6
47043,"Dickson, TN",22.9
47045,"Dyer, TN",29.1
47047,"Fayette, TN",17
47049,"Fentress, TN",40.2
47051,"Franklin, TN",27.6
47053,"Gibson, TN",32.4
47055,"Giles, TN",28.3
47057,"Grainger, TN",31.3
47059,"Greene, TN",39.3
47061,"Grundy, TN",40.1
47063,"Hamblen, TN",27.7
47065,"Hamilton, TN",17.9
47067,"Hancock, TN",42.2
47069,"Hardeman, TN",36.9
47071,"Hardin, TN",34.7
47073,"Hawkins, TN",33.2
47075,"Haywood, TN",34.4
47077,"Henderson, TN",28.7
47079,"Henry, TN",29.1
47081,"Hickman, TN",30.3
47083,"Houston, TN",37.4
47085,"Humphreys, TN",29.6
47087,"Jackson, TN",38.6
47089,"Jefferson, TN",29.7
47091,"Johnson, TN",36.2
47093,"Knox, TN",16.5
47095,"Lake, TN",50.8
47097,"Lauderdale, TN",36.9
47099,"Lawrence, TN",30.4
47101,"Lewis, TN",31.3
47103,"Lincoln, TN",25.4
47105,"Loudon, TN",23.8
47107,"McMinn, TN",29.8
47109,"McNairy, TN",37.3
47111,"Macon, TN",28.9
47113,"Madison, TN",23.6
47115,"Marion, TN",27.8
47117,"Marshall, TN",23
47119,"Maury, TN",21.4
47121,"Meigs, TN",32.9
47123,"Monroe, TN",32.4
47125,"Montgomery, TN",19.5
47127,"Moore, TN",24.3
47129,"Morgan, TN",34.3
47131,"Obion, TN",29.6
47133,"Overton, TN",31.7
47135,"Perry, TN",38.1
47137,"Pickett, TN",32.8
47139,"Polk, TN",30.8
47141,"Putnam, TN",23.7
47143,"Rhea, TN",31.6
47145,"Roane, TN",30.2
47147,"Robertson, TN",20.6
47149,"Rutherford, TN",14.4
47151,"Scott, TN",39.8
47153,"Sequatchie, TN",31.5
47155,"Sevier, TN",23.8
47157,"Shelby, TN",17.8
47159,"Smith, TN",24.6
47161,"Stewart, TN",29.1
47163,"Sullivan, TN",26.5
47165,"Sumner, TN",16.6
47167,"Tipton, TN",22.8
47169,"Trousdale, TN",26.2
47171,"Unicoi, TN",37.4
47173,"Union, TN",31.7
47175,"Van Buren, TN",38.3
47177,"Warren, TN",31.1
47179,"Washington, TN",22.7
47181,"Wayne, TN",39
47183,"Weakley, TN",29.4
47185,"White, TN",33.7
47187,"Williamson, TN",5.3
47189,"Wilson, TN",15.9
48001,"Anderson, TX",27.1
48003,"Andrews, TX",14.4
48005,"Angelina, TX",28
48007,"Aransas, TX",27.3
48009,"Archer, TX",18.7
48011,"Armstrong, TX",24.7
48013,"Atascosa, TX",25
48015,"Austin, TX",18.3
48017,"Bailey, TX",18.9
48019,"Bandera, TX",23.4
48021,"Bastrop, TX",21.3
48023,"Baylor, TX",35.4
48025,"Bee, TX",30
48027,"Bell, TX",20.6
48029,"Bexar, TX",17.5
48031,"Blanco, TX",18.1
48033,"Borden, TX",13
48035,"Bosque, TX",27.6
48037,"Bowie, TX",25.7
48039,"Brazoria, TX",14.4
48041,"Brazos, TX",13.8
48043,"Brewster, TX",19.8
48045,"Briscoe, TX",29.1
48047,"Brooks, TX",45.3
48049,"Brown, TX",32.1
48051,"Burleson, TX",24.9
48053,"Burnet, TX",22
48055,"Caldwell, TX",25.5
48057,"Calhoun, TX",27.4
48059,"Callahan, TX",27
48061,"Cameron, TX",32.6
48063,"Camp, TX",28
48065,"Carson, TX",18.3
48067,"Cass, TX",36.2
48069,"Castro, TX",17.3
48071,"Chambers, TX",13
48073,"Cherokee, TX",30.2
48075,"Childress, TX",30.2
48077,"Clay, TX",23.9
48079,"Cochran, TX",26
48081,"Coke, TX",32
48083,"Coleman, TX",36.2
48085,"Collin, TX",7.2
48087,"Collingsworth, TX",31.2
48089,"Colorado, TX",25.7
48091,"Comal, TX",15.6
48093,"Comanche, TX",29
48095,"Concho, TX",38.6
48097,"Cooke, TX",19.9
48099,"Coryell, TX",23.6
48101,"Cottle, TX",22.9
48103,"Crane, TX",18
48105,"Crockett, TX",23.2
48107,"Crosby, TX",38.2
48109,"Culberson, TX",24.7
48111,"Dallam, TX",13.9
48113,"Dallas, TX",11.7
48115,"Dawson, TX",27.3
48117,"Deaf Smith, TX",20.8
48119,"Delta, TX",34.6
48121,"Denton, TX",9
48123,"DeWitt, TX",22.8
48125,"Dickens, TX",36.1
48127,"Dimmit, TX",33.7
48129,"Donley, TX",26.5
48131,"Duval, TX",42.3
48133,"Eastland, TX",22.7
48135,"Ector, TX",16.4
48137,"Edwards, TX",35.4
48139,"Ellis, TX",16.4
48141,"El Paso, TX",23.3
48143,"Erath, TX",20.8
48145,"Falls, TX",34.5
48147,"Fannin, TX",29.7
48149,"Fayette, TX",23.3
48151,"Fisher, TX",32.4
48153,"Floyd, TX",30
48155,"Foard, TX",41
48157,"Fort Bend, TX",8.7
48159,"Franklin, TX",26.3
48161,"Freestone, TX",27.2
48163,"Frio, TX",30.6
48165,"Gaines, TX",15.2
48167,"Galveston, TX",16.6
48169,"Garza, TX",27.4
48171,"Gillespie, TX",19.8
48173,"Glasscock, TX",6.3
48175,"Goliad, TX",25.5
48177,"Gonzales, TX",23.6
48179,"Gray, TX",21.5
48181,"Grayson, TX",24.7
48183,"Gregg, TX",23.5
48185,"Grimes, TX",26
48187,"Guadalupe, TX",18.2
48189,"Hale, TX",28.3
48191,"Hall, TX",43.5
48193,"Hamilton, TX",21.6
48195,"Hansford, TX",12.5
48197,"Hardeman, TX",33.4
48199,"Hardin, TX",22
48201,"Harris, TX",12.1
48203,"Harrison, TX",23.9
48205,"Hartley, TX",6.9
48207,"Haskell, TX",34.2
48209,"Hays, TX",13.3
48211,"Hemphill, TX",11
48213,"Henderson, TX",30.8
48215,"Hidalgo, TX",29.5
48217,"Hill, TX",28.9
48219,"Hockley, TX",26.3
48221,"Hood, TX",22.3
48223,"Hopkins, TX",26.4
48225,"Houston, TX",32.1
48227,"Howard, TX",22.5
48229,"Hudspeth, TX",18.9
48231,"Hunt, TX",25.5
48233,"Hutchinson, TX",21.8
48235,"Irion, TX",15.1
48237,"Jack, TX",21.5
48239,"Jackson, TX",25.4
48241,"Jasper, TX",30.6
48243,"Jeff Davis, TX",22.3
48245,"Jefferson, TX",23.9
48247,"Jim Hogg, TX",37
48249,"Jim Wells, TX",32.7
48251,"Johnson, TX",20.7
48253,"Jones, TX",30.4
48255,"Karnes, TX",21.9
48257,"Kaufman, TX",17.3
48259,"Kendall, TX",10.1
48261,"Kenedy, TX",14.5
48263,"Kent, TX",28.1
48265,"Kerr, TX",23.9
48267,"Kimble, TX",29.8
48269,"King, TX",11.2
48271,"Kinney, TX",32.4
48273,"Kleberg, TX",26.7
48275,"Knox, TX",36.1
48277,"Lamar, TX",29.2
48279,"Lamb, TX",26.7
48281,"Lampasas, TX",25.9
48283,"La Salle, TX",22.2
48285,"Lavaca, TX",25.3
48287,"Lee, TX",21.3
48289,"Leon, TX",32.1
48291,"Liberty, TX",25.2
48293,"Limestone, TX",36.1
48295,"Lipscomb, TX",12.4
48297,"Live Oak, TX",25.7
48299,"Llano, TX",26
48301,"Loving, TX",7.7
48303,"Lubbock, TX",18.6
48305,"Lynn, TX",27.1
48307,"McCulloch, TX",33.8
48309,"McLennan, TX",21.4
48311,"McMullen, TX",13.6
48313,"Madison, TX",31
48315,"Marion, TX",38.4
48317,"Martin, TX",17.2
48319,"Mason, TX",24
48321,"Matagorda, TX",25
48323,"Maverick, TX",32.5
48325,"Medina, TX",23.1
48327,"Menard, TX",36.2
48329,"Midland, TX",7.9
48331,"Milam, TX",32.2
48333,"Mills, TX",33.8
48335,"Mitchell, TX",32.1
48337,"Montague, TX",31
48339,"Montgomery, TX",11.1
48341,"Moore, TX",15.2
48343,"Morris, TX",33.8
48345,"Motley, TX",37.3
48347,"Nacogdoches, TX",25.9
48349,"Navarro, TX",29.4
48351,"Newton, TX",32.3
48353,"Nolan, TX",28.6
48355,"Nueces, TX",22.1
48357,"Ochiltree, TX",12.1
48359,"Oldham, TX",15.2
48361,"Orange, TX",25.1
48363,"Palo Pinto, TX",27.7
48365,"Panola, TX",26.9
48367,"Parker, TX",14.2
48369,"Parmer, TX",15.5
48371,"Pecos, TX",24.4
48373,"Polk, TX",40.3
48375,"Potter, TX",22.5
48377,"Presidio, TX",23.7
48379,"Rains, TX",32.7
48381,"Randall, TX",13.9
48383,"Reagan, TX",15
48385,"Real, TX",41
48387,"Red River, TX",37.6
48389,"Reeves, TX",22.7
48391,"Refugio, TX",30.3
48393,"Roberts, TX",18
48395,"Robertson, TX",27.5
48397,"Rockwall, TX",9.9
48399,"Runnels, TX",30.8
48401,"Rusk, TX",26.5
48403,"Sabine, TX",44.5
48405,"San Augustine, TX",42.8
48407,"San Jacinto, TX",30.6
48409,"San Patricio, TX",24
48411,"San Saba, TX",29.8
48413,"Schleicher, TX",24.9
48415,"Scurry, TX",23.5
48417,"Shackelford, TX",12.8
48419,"Shelby, TX",29
48421,"Sherman, TX",8.4
48423,"Smith, TX",19.6
48425,"Somervell, TX",20.2
48427,"Starr, TX",38.1
48429,"Stephens, TX",30.7
48431,"Sterling, TX",16.3
48433,"Stonewall, TX",29.6
48435,"Sutton, TX",16.4
48437,"Swisher, TX",21.8
48439,"Tarrant, TX",13.4
48441,"Taylor, TX",21.7
48443,"Terrell, TX",25.7
48445,"Terry, TX",31.1
48447,"Throckmorton, TX",40.3
48449,"Titus, TX",26
48451,"Tom Green, TX",20.9
48453,"Travis, TX",8.3
48455,"Trinity, TX",37.7
48457,"Tyler, TX",34.2
48459,"Upshur, TX",28.6
48461,"Upton, TX",19.7
48463,"Uvalde, TX",30.1
48465,"Val Verde, TX",24.5
48467,"Van Zandt, TX",28.5
48469,"Victoria, TX",22.7
48471,"Walker, TX",24.4
48473,"Waller, TX",18.4
48475,"Ward, TX",19.9
48477,"Washington, TX",24.1
48479,"Webb, TX",24.2
48481,"Wharton, TX",24.8
48483,"Wheeler, TX",29.3
48485,"Wichita, TX",24.2
48487,"Wilbarger, TX",29.3
48489,"Willacy, TX",36.1
48491,"Williamson, TX",11
48493,"Wilson, TX",18.9
48495,"Winkler, TX",19.6
48497,"Wise, TX",18.1
48499,"Wood, TX",35.4
48501,"Yoakum, TX",18.5
48503,"Young, TX",25.9
48505,"Zapata, TX",31.5
48507,"Zavala, TX",39
49001,"Beaver, UT",27.3
49003,"Box Elder, UT",16.8
49005,"Cache, UT",14
49007,"Carbon, UT",27
49009,"Daggett, UT",19.1
49011,"Davis, UT",11
49013,"Duchesne, UT",18.7
49015,"Emery, UT",27.3
49017,"Garfield, UT",21.8
49019,"Grand, UT",16.2
49021,"Iron, UT",22.9
49023,"Juab, UT",19
49025,"Kane, UT",21.7
49027,"Millard, UT",20.9
49029,"Morgan, UT",9.6
49031,"Piute, UT",34.9
49033,"Rich, UT",18.3
49035,"Salt Lake, UT",11.7
49037,"San Juan, UT",27.9
49039,"Sanpete, UT",23.9
49041,"Sevier, UT",24.9
49043,"Summit, UT",3.9
49045,"Tooele, UT",13.9
49047,"Uintah, UT",17.1
49049,"Utah, UT",11.7
49051,"Wasatch, UT",8.9
49053,"Washington, UT",22.2
49055,"Wayne, UT",21.9
49057,"Weber, UT",15.9
50001,"Addison, VT",17.3
50003,"Bennington, VT",22.8
50005,"Caledonia, VT",25.7
50007,"Chittenden, VT",14.4
50009,"Essex, VT",29.7
50011,"Franklin, VT",19.1
50013,"Grand Isle, VT",16
50015,"Lamoille, VT",17.5
50017,"Orange, VT",21.1
50019,"Orleans, VT",29.7
50021,"Rutland, VT",32.1
50023,"Washington, VT",20.2
50025,"Windham, VT",23.3
50027,"Windsor, VT",20.2
51001,"Accomack, VA",27.6
51007,"Amelia, VA",22.3
51009,"Amherst, VA",27.6
51011,"Appomattox, VA",28.3
51013,"Arlington, VA",4.8
51017,"Bath, VA",19.9
51019,"Bedford, VA*",21.4
51021,"Bland, VA",31
51023,"Botetourt, VA",19.8
51025,"Brunswick, VA",35.3
51027,"Buchanan, VA",42.3
51029,"Buckingham, VA",29.7
51033,"Caroline, VA",20
51036,"Charles City, VA",23.6
51037,"Charlotte, VA",32.6
51041,"Chesterfield, VA",14.1
51043,"Clarke, VA",12.3
51045,"Craig, VA",27.9
51047,"Culpeper, VA",16.8
51049,"Cumberland, VA",26.6
51051,"Dickenson, VA",44
51057,"Essex, VA",26.9
51061,"Fauquier, VA",10.5
51063,"Floyd, VA",26.1
51065,"Fluvanna, VA",18.4
51067,"Franklin, VA",25.1
51071,"Giles, VA",28.5
51073,"Gloucester, VA",19
51075,"Goochland, VA",9.8
51077,"Grayson, VA",34.5
51079,"Greene, VA",17.8
51083,"Halifax, VA",32.9
51085,"Hanover, VA",12.8
51087,"Henrico, VA",11.6
51091,"Highland, VA",26.6
51093,"Isle of Wight, VA",17.2
51097,"King and Queen, VA",24.3
51099,"King George, VA",12.5
51101,"King William, VA",18.2
51103,"Lancaster, VA",25.2
51105,"Lee, VA",41.6
51107,"Loudoun, VA",5
51109,"Louisa, VA",20.9
51111,"Lunenburg, VA",31.7
51113,"Madison, VA",18.1
51115,"Mathews, VA",22
51117,"Mecklenburg, VA",33.4
51119,"Middlesex, VA",26.4
51125,"Nelson, VA",23.5
51127,"New Kent, VA",11.5
51131,"Northampton, VA",28.6
51133,"Northumberland, VA",26.8
51135,"Nottoway, VA",35.5
51137,"Orange, VA",19.7
51139,"Page, VA",26.5
51141,"Patrick, VA",34.2
51145,"Powhatan, VA",13.8
51147,"Prince Edward, VA",29.4
51155,"Pulaski, VA",28.6
51157,"Rappahannock, VA",14.9
51159,"Richmond, VA",25.6
51167,"Russell, VA",37.3
51169,"Scott, VA",36.9
51171,"Shenandoah, VA",21.3
51173,"Smyth, VA",32.6
51179,"Stafford, VA",11.7
51181,"Surry, VA",24.1
51183,"Sussex, VA",31.6
51185,"Tazewell, VA",34.1
51187,"Warren, VA",17
51193,"Westmoreland, VA",26.1
51197,"Wythe, VA",31.8
51510,"Alexandria (Independent City), VA",6.3
51550,"Chesapeake (Independent City), VA",15.3
51650,"Hampton (Independent City), VA",22.6
51700,"Newport News (Independent City), VA",20.3
51710,"Norfolk (Independent City), VA",20
51740,"Portsmouth (Independent City), VA",25.8
51760,"Richmond (Independent City), VA",16
51770,"Roanoke (Independent City), VA",25.2
51800,"Suffolk (Independent City), VA",17.6
51810,"Virginia Beach (Independent City), VA",13.8
51003,"Albemarle, VA",9.9
51540,"Charlottesville, VA",9.9
51005,"Alleghany,VA",32.8
51580,"Covington, VA",32.8
51790,"Staunton, VA",21.7
51015,"Augusta, VA",21.7
51820,"Waynesboro, VA",21.7
51031,"Campbell,VA",28.1
51680,"Lynchburg, VA",28.1
51035,"Carroll,VA",34.3
51640,"Galax, VA",34.3
51053,"Dinwiddie, VA",29.7
51570,"Colonial Heights, VA",29.7
51730,"Petersburg, VA",29.7
51059,Fairfax,6.9
51600,"Fairfax City, VA",6.9
51610,"Falls Church, VA",6.9
51069,"Frederick, VA",15.1
51840,"Winchester, VA",15.1
51081,"Greensville, VA",32.6
51595,"Emporia, VA",32.6
51089,"Henry, VA",34.1
51690,"Martinsville, VA",34.1
51095,"James City, VA",14.9
51830,"Williamsburg, VA",14.9
51121,"Montgomery, VA",16.7
51750,"Radford, VA",16.7
51143,"Pittsylvania, VA",32.4
51590,"Danville, VA",32.4
51149,"Prince George, VA",23.2
51670,"Hopewell, VA",23.2
51153,"Prince William, VA",9.8
51683,"Manassas, VA",9.8
51685,"Manassas Park, VA",9.8
51770,"Roanoke, VA",18.2
51775,"Salem, VA",18.2
51163,"Rockbridge, VA",24.3
51530,"Buena Vista, VA",24.3
51678,"Lexington, VA",24.3
51165,"Rockingham, VA",17.6
51660,"Harrisonburg, VA",17.6
51175,"Southampton, VA",26.8
51620,"Franklin, VA",26.8
51177,"Spotsylvania, VA",14.8
51630,"Fredericksburg, VA",14.8
51191,"Washington, VA",27.5
51520,"Bristol, VA",27.5
51195,"Wise, VA",39.9
51720,"Norton, VA",39.9
51199,"York, VA",12.9
51735,"Poquoson, VA",12.9
53001,"Adams, WA",22.1
53003,"Asotin, WA",27.2
53005,"Benton, WA",18
53007,"Chelan, WA",20
53009,"Clallam, WA",29.9
53011,"Clark, WA",16.3
53013,"Columbia, WA",29.3
53015,"Cowlitz, WA",26.7
53017,"Douglas, WA",22.1
53019,"Ferry, WA",35.6
53021,"Franklin, WA",20.3
53023,"Garfield, WA",29.5
53025,"Grant, WA",23.6
53027,"Grays Harbor, WA",32.2
53029,"Island, WA",19.9
53031,"Jefferson, WA",27.4
53033,"King, WA",8.2
53035,"Kitsap, WA",16.6
53037,"Kittitas, WA",19.7
53039,"Klickitat, WA",27.1
53041,"Lewis, WA",29
53043,"Lincoln, WA",26.8
53045,"Mason, WA",27.5
53047,"Okanogan, WA",29
53049,"Pacific, WA",36.3
53051,"Pend Oreille, WA",32.6
53053,"Pierce, WA",17.6
53055,"San Juan, WA",14.8
53057,"Skagit, WA",20.6
53059,"Skamania, WA",20.4
53061,"Snohomish, WA",13.2
53063,"Spokane, WA",21.9
53065,"Stevens, WA",31.3
53067,"Thurston, WA",18.5
53069,"Wahkiakum, WA",30.1
53071,"Walla Walla, WA",22.5
53073,"Whatcom, WA",18.3
53075,"Whitman, WA",17.3
53077,"Yakima, WA",25.3
54001,"Barbour, WV",33.8
54003,"Berkeley, WV",18.5
54005,"Boone, WV",39.8
54007,"Braxton, WV",35.6
54009,"Brooke, WV",29.3
54011,"Cabell, WV",29.3
54013,"Calhoun, WV",42.9
54015,"Clay, WV",38.7
54017,"Doddridge, WV",24.7
54019,"Fayette, WV",38.8
54021,"Gilmer, WV",34.4
54023,"Grant, WV",33.3
54025,"Greenbrier, WV",34.6
54027,"Hampshire, WV",26.9
54029,"Hancock, WV",29.6
54031,"Hardy, WV",26.9
54033,"Harrison, WV",24.2
54035,"Jackson, WV",29.5
54037,"Jefferson, WV",17.5
54039,"Kanawha, WV",27.8
54041,"Lewis, WV",30.3
54043,"Lincoln, WV",36.1
54045,"Logan, WV",45.1
54047,"McDowell, WV",50
54049,"Marion, WV",26.9
54051,"Marshall, WV",27.5
54053,"Mason, WV",35.4
54055,"Mercer, WV",39.7
54057,"Mineral, WV",30.3
54059,"Mingo, WV",45.9
54061,"Monongalia, WV",17.3
54063,"Monroe, WV",35.6
54065,"Morgan, WV",32.7
54067,"Nicholas, WV",39.6
54069,"Ohio, WV",20.5
54071,"Pendleton, WV",36.4
54073,"Pleasants, WV",34.2
54075,"Pocahontas, WV",40.8
54077,"Preston, WV",27.5
54079,"Putnam, WV",19.7
54081,"Raleigh, WV",34
54083,"Randolph, WV",34.9
54085,"Ritchie, WV",32.9
54087,"Roane, WV",38.1
54089,"Summers, WV",43.2
54091,"Taylor, WV",26.5
54093,"Tucker, WV",31.3
54095,"Tyler, WV",31.7
54097,"Upshur, WV",30.7
54099,"Wayne, WV",29.8
54101,"Webster, WV",48
54103,"Wetzel, WV",39
54105,"Wirt, WV",32
54107,"Wood, WV",29.3
54109,"Wyoming, WV",43
55001,"Adams, WI",32.6
55003,"Ashland, WI",29.1
55005,"Barron, WI",22.5
55007,"Bayfield, WI",24.9
55009,"Brown, WI",14.1
55011,"Buffalo, WI",22
55013,"Burnett, WI",30.2
55015,"Calumet, WI",12.5
55017,"Chippewa, WI",20.1
55019,"Clark, WI",20.6
55021,"Columbia, WI",16.7
55023,"Crawford, WI",25.7
55025,"Dane, WI",10.9
55027,"Dodge, WI",18.4
55029,"Door, WI",19
55031,"Douglas, WI",25.6
55033,"Dunn, WI",21.6
55035,"Eau Claire, WI",17.4
55037,"Florence, WI",23.5
55039,"Fond du Lac, WI",18.5
55041,"Forest, WI",30.3
55043,"Grant, WI",20.1
55045,"Green, WI",16.1
55047,"Green Lake, WI",22.1
55049,"Iowa, WI",16.4
55051,"Iron, WI",28.8
55053,"Jackson, WI",20.2
55055,"Jefferson, WI",18
55057,"Juneau, WI",26.7
55059,"Kenosha, WI",17.7
55061,"Kewaunee, WI",18
55063,"La Crosse, WI",17.4
55065,"Lafayette, WI",17.9
55067,"Langlade, WI",28
55069,"Lincoln, WI",23.7
55071,"Manitowoc, WI",20.3
55073,"Marathon, WI",15.9
55075,"Marinette, WI",27.9
55077,"Marquette, WI",26.8
55078,"Menominee, WI*",33.9
55079,"Milwaukee, WI",21.8
55081,"Monroe, WI",20.6
55083,"Oconto, WI",20.4
55085,"Oneida, WI",25.5
55087,"Outagamie, WI",13.6
55089,"Ozaukee, WI",9.8
55091,"Pepin, WI",23.8
55093,"Pierce, WI",15.4
55095,"Polk, WI",21.6
55097,"Portage, WI",18.2
55099,"Price, WI",28.9
55101,"Racine, WI",19.2
55103,"Richland, WI",23.7
55105,"Rock, WI",20.5
55107,"Rusk, WI",26.7
55109,"St. Croix, WI",12.1
55111,"Sauk, WI",17.8
55113,"Sawyer, WI",28.6
55115,"Shawano, WI*",22.8
55117,"Sheboygan, WI",15.8
55119,"Taylor, WI",20.9
55121,"Trempealeau, WI",21.3
55123,"Vernon, WI",22.4
55125,"Vilas, WI",25.1
55127,"Walworth, WI",16.8
55129,"Washburn, WI",29
55131,"Washington, WI",13.3
55133,"Waukesha, WI",11
55135,"Waupaca, WI",23.9
55137,"Waushara, WI",25
55139,"Winnebago, WI",16.2
55141,"Wood, WI",21.5
56001,"Albany, WY",14.7
56003,"Big Horn, WY",24.1
56005,"Campbell, WY",11.4
56007,"Carbon, WY",14.5
56009,"Converse, WY",17.1
56011,"Crook, WY",16.2
56013,"Fremont, WY",22.7
56015,"Goshen, WY",22.5
56017,"Hot Springs, WY",24.8
56019,"Johnson, WY",18
56021,"Laramie, WY",17.1
56023,"Lincoln, WY",17.2
56025,"Natrona, WY",11.7
56027,"Niobrara, WY",22.4
56029,"Park, WY",18.9
56031,"Platte, WY",22.5
56033,"Sheridan, WY",16.3
56035,"Sublette, WY",10.9
56037,"Sweetwater, WY",13
56039,"Teton, WY",2.4
56041,"Uinta, WY",19.3
56043,"Washakie, WY",19.6
56045,"Weston, WY",20.6
